geo,TIME_PERIOD,siec,source,nrg_bal,unit,OBS_VALUE
DE,2015,C0000X0350-0370,coal,GEP,GWH,272200.0
DE,2016,C0000X0350-0370,coal,GEP,GWH,261745.0
DE,2017,C0000X0350-0370,coal,GEP,GWH,241254.0
DE,2018,C0000X0350-0370,coal,GEP,GWH,228156.0
DE,2019,C0000X0350-0370,coal,GEP,GWH,171450.0
DE,2020,C0000X0350-0370,coal,GEP,GWH,134595.0
DE,2021,C0000X0350-0370,coal,GEP,GWH,164651.0
DE,2022,C0000X0350-0370,coal,GEP,GWH,179948.015
DE,2023,C0000X0350-0370,coal,GEP,GWH,124786.0
ES,2015,C0000X0350-0370,coal,GEP,GWH,51366.0
ES,2016,C0000X0350-0370,coal,GEP,GWH,36434.0
ES,2017,C0000X0350-0370,coal,GEP,GWH,45127.0
ES,2018,C0000X0350-0370,coal,GEP,GWH,37341.0
ES,2019,C0000X0350-0370,coal,GEP,GWH,12859.0
ES,2020,C0000X0350-0370,coal,GEP,GWH,5522.0
ES,2021,C0000X0350-0370,coal,GEP,GWH,4858.0
ES,2022,C0000X0350-0370,coal,GEP,GWH,7860.0
ES,2023,C0000X0350-0370,coal,GEP,GWH,3623.0
FR,2015,C0000X0350-0370,coal,GEP,GWH,11894.45
FR,2016,C0000X0350-0370,coal,GEP,GWH,10225.74
FR,2017,C0000X0350-0370,coal,GEP,GWH,12813.431
FR,2018,C0000X0350-0370,coal,GEP,GWH,8309.496
FR,2019,C0000X0350-0370,coal,GEP,GWH,3637.305
FR,2020,C0000X0350-0370,coal,GEP,GWH,3086.356
FR,2021,C0000X0350-0370,coal,GEP,GWH,5442.813
FR,2022,C0000X0350-0370,coal,GEP,GWH,4163.351
FR,2023,C0000X0350-0370,coal,GEP,GWH,1610.456
IT,2015,C0000X0350-0370,coal,GEP,GWH,43201.0
IT,2016,C0000X0350-0370,coal,GEP,GWH,35607.0
IT,2017,C0000X0350-0370,coal,GEP,GWH,32627.426
IT,2018,C0000X0350-0370,coal,GEP,GWH,28469.868
IT,2019,C0000X0350-0370,coal,GEP,GWH,18839.449
IT,2020,C0000X0350-0370,coal,GEP,GWH,13379.486
IT,2021,C0000X0350-0370,coal,GEP,GWH,14021.919
IT,2022,C0000X0350-0370,coal,GEP,GWH,22606.652
IT,2023,C0000X0350-0370,coal,GEP,GWH,13219.885
NL,2015,C0000X0350-0370,coal,GEP,GWH,39390.589
NL,2016,C0000X0350-0370,coal,GEP,GWH,36816.731
NL,2017,C0000X0350-0370,coal,GEP,GWH,31378.986
NL,2018,C0000X0350-0370,coal,GEP,GWH,27577.792
NL,2019,C0000X0350-0370,coal,GEP,GWH,17693.631
NL,2020,C0000X0350-0370,coal,GEP,GWH,7617.252
NL,2021,C0000X0350-0370,coal,GEP,GWH,14599.849
NL,2022,C0000X0350-0370,coal,GEP,GWH,14802.201
NL,2023,C0000X0350-0370,coal,GEP,GWH,8711.754
PL,2015,C0000X0350-0370,coal,GEP,GWH,130519.0
PL,2016,C0000X0350-0370,coal,GEP,GWH,130322.0
PL,2017,C0000X0350-0370,coal,GEP,GWH,131158.527
PL,2018,C0000X0350-0370,coal,GEP,GWH,130562.95
PL,2019,C0000X0350-0370,coal,GEP,GWH,118143.544
PL,2020,C0000X0350-0370,coal,GEP,GWH,107397.738
PL,2021,C0000X0350-0370,coal,GEP,GWH,127571.783
PL,2022,C0000X0350-0370,coal,GEP,GWH,124727.237
PL,2023,C0000X0350-0370,coal,GEP,GWH,98848.55
TR,2015,C0000X0350-0370,coal,GEP,GWH,74175.0
TR,2016,C0000X0350-0370,coal,GEP,GWH,90388.0
TR,2017,C0000X0350-0370,coal,GEP,GWH,95384.927
TR,2018,C0000X0350-0370,coal,GEP,GWH,111355.491
TR,2019,C0000X0350-0370,coal,GEP,GWH,111175.907
TR,2020,C0000X0350-0370,coal,GEP,GWH,104017.685
TR,2021,C0000X0350-0370,coal,GEP,GWH,101610.604
TR,2022,C0000X0350-0370,coal,GEP,GWH,111269.025
TR,2023,C0000X0350-0370,coal,GEP,GWH,117475.17
UK,2015,C0000X0350-0370,coal,GEP,GWH,75878.228
UK,2016,C0000X0350-0370,coal,GEP,GWH,30668.599
UK,2017,C0000X0350-0370,coal,GEP,GWH,22530.445
UK,2018,C0000X0350-0370,coal,GEP,GWH,16831.404
UK,2019,C0000X0350-0370,coal,GEP,GWH,6891.095
DE,2015,C0000X0350-0370,coal,GEP,KTOE,23404.987
DE,2016,C0000X0350-0370,coal,GEP,KTOE,22506.019
DE,2017,C0000X0350-0370,coal,GEP,KTOE,20744.11
DE,2018,C0000X0350-0370,coal,GEP,KTOE,19617.885
DE,2019,C0000X0350-0370,coal,GEP,KTOE,14742.046
DE,2020,C0000X0350-0370,coal,GEP,KTOE,11573.087
DE,2021,C0000X0350-0370,coal,GEP,KTOE,14157.438
DE,2022,C0000X0350-0370,coal,GEP,KTOE,15472.744
DE,2023,C0000X0350-0370,coal,GEP,KTOE,10729.665
ES,2015,C0000X0350-0370,coal,GEP,KTOE,4416.681
ES,2016,C0000X0350-0370,coal,GEP,KTOE,3132.76
ES,2017,C0000X0350-0370,coal,GEP,KTOE,3880.224
ES,2018,C0000X0350-0370,coal,GEP,KTOE,3210.748
ES,2019,C0000X0350-0370,coal,GEP,KTOE,1105.675
ES,2020,C0000X0350-0370,coal,GEP,KTOE,474.807
ES,2021,C0000X0350-0370,coal,GEP,KTOE,417.713
ES,2022,C0000X0350-0370,coal,GEP,KTOE,675.838
ES,2023,C0000X0350-0370,coal,GEP,KTOE,311.522
FR,2015,C0000X0350-0370,coal,GEP,KTOE,1022.739
FR,2016,C0000X0350-0370,coal,GEP,KTOE,879.255
FR,2017,C0000X0350-0370,coal,GEP,KTOE,1101.757
FR,2018,C0000X0350-0370,coal,GEP,KTOE,714.488
FR,2019,C0000X0350-0370,coal,GEP,KTOE,312.752
FR,2020,C0000X0350-0370,coal,GEP,KTOE,265.379
FR,2021,C0000X0350-0370,coal,GEP,KTOE,467.998
FR,2022,C0000X0350-0370,coal,GEP,KTOE,357.984
FR,2023,C0000X0350-0370,coal,GEP,KTOE,138.474
IT,2015,C0000X0350-0370,coal,GEP,KTOE,3714.617
IT,2016,C0000X0350-0370,coal,GEP,KTOE,3061.651
IT,2017,C0000X0350-0370,coal,GEP,KTOE,2805.454
IT,2018,C0000X0350-0370,coal,GEP,KTOE,2447.968
IT,2019,C0000X0350-0370,coal,GEP,KTOE,1619.901
IT,2020,C0000X0350-0370,coal,GEP,KTOE,1150.429
IT,2021,C0000X0350-0370,coal,GEP,KTOE,1205.668
IT,2022,C0000X0350-0370,coal,GEP,KTOE,1943.822
IT,2023,C0000X0350-0370,coal,GEP,KTOE,1136.706
NL,2015,C0000X0350-0370,coal,GEP,KTOE,3386.981
NL,2016,C0000X0350-0370,coal,GEP,KTOE,3165.669
NL,2017,C0000X0350-0370,coal,GEP,KTOE,2698.107
NL,2018,C0000X0350-0370,coal,GEP,KTOE,2371.263
NL,2019,C0000X0350-0370,coal,GEP,KTOE,1521.378
NL,2020,C0000X0350-0370,coal,GEP,KTOE,654.966
NL,2021,C0000X0350-0370,coal,GEP,KTOE,1255.361
NL,2022,C0000X0350-0370,coal,GEP,KTOE,1272.76
NL,2023,C0000X0350-0370,coal,GEP,KTOE,749.076
PL,2015,C0000X0350-0370,coal,GEP,KTOE,11222.614
PL,2016,C0000X0350-0370,coal,GEP,KTOE,11205.675
PL,2017,C0000X0350-0370,coal,GEP,KTOE,11277.603
PL,2018,C0000X0350-0370,coal,GEP,KTOE,11226.393
PL,2019,C0000X0350-0370,coal,GEP,KTOE,10158.516
PL,2020,C0000X0350-0370,coal,GEP,KTOE,9234.543
PL,2021,C0000X0350-0370,coal,GEP,KTOE,10969.199
PL,2022,C0000X0350-0370,coal,GEP,KTOE,10724.612
PL,2023,C0000X0350-0370,coal,GEP,KTOE,8499.445
TR,2015,C0000X0350-0370,coal,GEP,KTOE,6377.902
TR,2016,C0000X0350-0370,coal,GEP,KTOE,7771.969
TR,2017,C0000X0350-0370,coal,GEP,KTOE,8201.627
TR,2018,C0000X0350-0370,coal,GEP,KTOE,9574.849
TR,2019,C0000X0350-0370,coal,GEP,KTOE,9559.407
TR,2020,C0000X0350-0370,coal,GEP,KTOE,8943.911
TR,2021,C0000X0350-0370,coal,GEP,KTOE,8736.939
TR,2022,C0000X0350-0370,coal,GEP,KTOE,9567.414
TR,2023,C0000X0350-0370,coal,GEP,KTOE,10101.046
UK,2015,C0000X0350-0370,coal,GEP,KTOE,6524.353
UK,2016,C0000X0350-0370,coal,GEP,KTOE,2637.025
UK,2017,C0000X0350-0370,coal,GEP,KTOE,1937.27
UK,2018,C0000X0350-0370,coal,GEP,KTOE,1447.24
UK,2019,C0000X0350-0370,coal,GEP,KTOE,592.528
DE,2015,C0000X0350-0370,coal,GEP,TJ,979920.0
DE,2016,C0000X0350-0370,coal,GEP,TJ,942282.0
DE,2017,C0000X0350-0370,coal,GEP,TJ,868514.4
DE,2018,C0000X0350-0370,coal,GEP,TJ,821361.6
DE,2019,C0000X0350-0370,coal,GEP,TJ,617220.0
DE,2020,C0000X0350-0370,coal,GEP,TJ,484542.0
DE,2021,C0000X0350-0370,coal,GEP,TJ,592743.6
DE,2022,C0000X0350-0370,coal,GEP,TJ,647812.854
DE,2023,C0000X0350-0370,coal,GEP,TJ,449229.6
ES,2015,C0000X0350-0370,coal,GEP,TJ,184917.6
ES,2016,C0000X0350-0370,coal,GEP,TJ,131162.4
ES,2017,C0000X0350-0370,coal,GEP,TJ,162457.2
ES,2018,C0000X0350-0370,coal,GEP,TJ,134427.6
ES,2019,C0000X0350-0370,coal,GEP,TJ,46292.4
ES,2020,C0000X0350-0370,coal,GEP,TJ,19879.2
ES,2021,C0000X0350-0370,coal,GEP,TJ,17488.8
ES,2022,C0000X0350-0370,coal,GEP,TJ,28296.0
ES,2023,C0000X0350-0370,coal,GEP,TJ,13042.8
FR,2015,C0000X0350-0370,coal,GEP,TJ,42820.02
FR,2016,C0000X0350-0370,coal,GEP,TJ,36812.664
FR,2017,C0000X0350-0370,coal,GEP,TJ,46128.352
FR,2018,C0000X0350-0370,coal,GEP,TJ,29914.186
FR,2019,C0000X0350-0370,coal,GEP,TJ,13094.298
FR,2020,C0000X0350-0370,coal,GEP,TJ,11110.882
FR,2021,C0000X0350-0370,coal,GEP,TJ,19594.127
FR,2022,C0000X0350-0370,coal,GEP,TJ,14988.062
FR,2023,C0000X0350-0370,coal,GEP,TJ,5797.643
IT,2015,C0000X0350-0370,coal,GEP,TJ,155523.6
IT,2016,C0000X0350-0370,coal,GEP,TJ,128185.2
IT,2017,C0000X0350-0370,coal,GEP,TJ,117458.734
IT,2018,C0000X0350-0370,coal,GEP,TJ,102491.525
IT,2019,C0000X0350-0370,coal,GEP,TJ,67822.016
IT,2020,C0000X0350-0370,coal,GEP,TJ,48166.15
IT,2021,C0000X0350-0370,coal,GEP,TJ,50478.908
IT,2022,C0000X0350-0370,coal,GEP,TJ,81383.947
IT,2023,C0000X0350-0370,coal,GEP,TJ,47591.586
NL,2015,C0000X0350-0370,coal,GEP,TJ,141806.12
NL,2016,C0000X0350-0370,coal,GEP,TJ,132540.232
NL,2017,C0000X0350-0370,coal,GEP,TJ,112964.35
NL,2018,C0000X0350-0370,coal,GEP,TJ,99280.051
NL,2019,C0000X0350-0370,coal,GEP,TJ,63697.072
NL,2020,C0000X0350-0370,coal,GEP,TJ,27422.107
NL,2021,C0000X0350-0370,coal,GEP,TJ,52559.456
NL,2022,C0000X0350-0370,coal,GEP,TJ,53287.924
NL,2023,C0000X0350-0370,coal,GEP,TJ,31362.314
PL,2015,C0000X0350-0370,coal,GEP,TJ,469868.4
PL,2016,C0000X0350-0370,coal,GEP,TJ,469159.2
PL,2017,C0000X0350-0370,coal,GEP,TJ,472170.697
PL,2018,C0000X0350-0370,coal,GEP,TJ,470026.62
PL,2019,C0000X0350-0370,coal,GEP,TJ,425316.758
PL,2020,C0000X0350-0370,coal,GEP,TJ,386631.857
PL,2021,C0000X0350-0370,coal,GEP,TJ,459258.419
PL,2022,C0000X0350-0370,coal,GEP,TJ,449018.053
PL,2023,C0000X0350-0370,coal,GEP,TJ,355854.78
TR,2015,C0000X0350-0370,coal,GEP,TJ,267030.0
TR,2016,C0000X0350-0370,coal,GEP,TJ,325396.8
TR,2017,C0000X0350-0370,coal,GEP,TJ,343385.737
TR,2018,C0000X0350-0370,coal,GEP,TJ,400879.768
TR,2019,C0000X0350-0370,coal,GEP,TJ,400233.265
TR,2020,C0000X0350-0370,coal,GEP,TJ,374463.666
TR,2021,C0000X0350-0370,coal,GEP,TJ,365798.174
TR,2022,C0000X0350-0370,coal,GEP,TJ,400568.49
TR,2023,C0000X0350-0370,coal,GEP,TJ,422910.612
UK,2015,C0000X0350-0370,coal,GEP,TJ,273161.621
UK,2016,C0000X0350-0370,coal,GEP,TJ,110406.956
UK,2017,C0000X0350-0370,coal,GEP,TJ,81109.602
UK,2018,C0000X0350-0370,coal,GEP,TJ,60593.054
UK,2019,C0000X0350-0370,coal,GEP,TJ,24807.942
DE,2015,G3000,gas,GEP,GWH,63017.0
DE,2016,G3000,gas,GEP,GWH,82294.0
DE,2017,G3000,gas,GEP,GWH,87685.0
DE,2018,G3000,gas,GEP,GWH,83425.0
DE,2019,G3000,gas,GEP,GWH,90753.0
DE,2020,G3000,gas,GEP,GWH,96285.0
DE,2021,G3000,gas,GEP,GWH,97025.0
DE,2022,G3000,gas,GEP,GWH,83601.0
DE,2023,G3000,gas,GEP,GWH,84525.0
ES,2015,G3000,gas,GEP,GWH,52498.0
ES,2016,G3000,gas,GEP,GWH,52820.0
ES,2017,G3000,gas,GEP,GWH,64037.0
ES,2018,G3000,gas,GEP,GWH,58004.0
ES,2019,G3000,gas,GEP,GWH,83703.0
ES,2020,G3000,gas,GEP,GWH,69739.0
ES,2021,G3000,gas,GEP,GWH,71502.0
ES,2022,G3000,gas,GEP,GWH,85975.0
ES,2023,G3000,gas,GEP,GWH,64272.0
FR,2015,G3000,gas,GEP,GWH,21143.153
FR,2016,G3000,gas,GEP,GWH,34967.086
FR,2017,G3000,gas,GEP,GWH,40500.366
FR,2018,G3000,gas,GEP,GWH,30547.493
FR,2019,G3000,gas,GEP,GWH,39236.125
FR,2020,G3000,gas,GEP,GWH,35245.132
FR,2021,G3000,gas,GEP,GWH,33306.364
FR,2022,G3000,gas,GEP,GWH,45740.846
FR,2023,G3000,gas,GEP,GWH,30015.478
IT,2015,G3000,gas,GEP,GWH,110860.0
IT,2016,G3000,gas,GEP,GWH,126148.0
IT,2017,G3000,gas,GEP,GWH,140349.284
IT,2018,G3000,gas,GEP,GWH,128537.553
IT,2019,G3000,gas,GEP,GWH,141687.003
IT,2020,G3000,gas,GEP,GWH,133682.784
IT,2021,G3000,gas,GEP,GWH,143997.93
IT,2022,G3000,gas,GEP,GWH,141445.312
IT,2023,G3000,gas,GEP,GWH,118986.515
NL,2015,G3000,gas,GEP,GWH,45813.178
NL,2016,G3000,gas,GEP,GWH,52531.19
NL,2017,G3000,gas,GEP,GWH,57733.422
NL,2018,G3000,gas,GEP,GWH,57630.056
NL,2019,G3000,gas,GEP,GWH,70719.367
NL,2020,G3000,gas,GEP,GWH,72524.078
NL,2021,G3000,gas,GEP,GWH,56690.59
NL,2022,G3000,gas,GEP,GWH,47742.665
NL,2023,G3000,gas,GEP,GWH,46090.273
PL,2015,G3000,gas,GEP,GWH,6387.0
PL,2016,G3000,gas,GEP,GWH,7831.0
PL,2017,G3000,gas,GEP,GWH,10034.862
PL,2018,G3000,gas,GEP,GWH,12634.331
PL,2019,G3000,gas,GEP,GWH,14797.395
PL,2020,G3000,gas,GEP,GWH,17287.546
PL,2021,G3000,gas,GEP,GWH,15823.706
PL,2022,G3000,gas,GEP,GWH,11354.846
PL,2023,G3000,gas,GEP,GWH,16493.658
TR,2015,G3000,gas,GEP,GWH,99218.0
TR,2016,G3000,gas,GEP,GWH,89227.0
TR,2017,G3000,gas,GEP,GWH,110489.981
TR,2018,G3000,gas,GEP,GWH,92482.815
TR,2019,G3000,gas,GEP,GWH,57288.201
TR,2020,G3000,gas,GEP,GWH,70931.333
TR,2021,G3000,gas,GEP,GWH,111180.755
TR,2022,G3000,gas,GEP,GWH,75058.653
TR,2023,G3000,gas,GEP,GWH,69453.8
UK,2015,G3000,gas,GEP,GWH,99875.416
UK,2016,G3000,gas,GEP,GWH,143356.074
UK,2017,G3000,gas,GEP,GWH,136745.82
UK,2018,G3000,gas,GEP,GWH,131489.78
UK,2019,G3000,gas,GEP,GWH,130584.983
DE,2015,G3000,gas,GEP,KTOE,5418.487
DE,2016,G3000,gas,GEP,KTOE,7076.01
DE,2017,G3000,gas,GEP,KTOE,7539.553
DE,2018,G3000,gas,GEP,KTOE,7173.259
DE,2019,G3000,gas,GEP,KTOE,7803.353
DE,2020,G3000,gas,GEP,KTOE,8279.02
DE,2021,G3000,gas,GEP,KTOE,8342.648
DE,2022,G3000,gas,GEP,KTOE,7188.392
DE,2023,G3000,gas,GEP,KTOE,7267.842
ES,2015,G3000,gas,GEP,KTOE,4514.015
ES,2016,G3000,gas,GEP,KTOE,4541.702
ES,2017,G3000,gas,GEP,KTOE,5506.191
ES,2018,G3000,gas,GEP,KTOE,4987.446
ES,2019,G3000,gas,GEP,KTOE,7197.163
ES,2020,G3000,gas,GEP,KTOE,5996.475
ES,2021,G3000,gas,GEP,KTOE,6148.065
ES,2022,G3000,gas,GEP,KTOE,7392.519
ES,2023,G3000,gas,GEP,KTOE,5526.397
FR,2015,G3000,gas,GEP,KTOE,1817.984
FR,2016,G3000,gas,GEP,KTOE,3006.628
FR,2017,G3000,gas,GEP,KTOE,3482.405
FR,2018,G3000,gas,GEP,KTOE,2626.612
FR,2019,G3000,gas,GEP,KTOE,3373.699
FR,2020,G3000,gas,GEP,KTOE,3030.536
FR,2021,G3000,gas,GEP,KTOE,2863.832
FR,2022,G3000,gas,GEP,KTOE,3933.005
FR,2023,G3000,gas,GEP,KTOE,2580.867
IT,2015,G3000,gas,GEP,KTOE,9532.244
IT,2016,G3000,gas,GEP,KTOE,10846.776
IT,2017,G3000,gas,GEP,KTOE,12067.866
IT,2018,G3000,gas,GEP,KTOE,11052.24
IT,2019,G3000,gas,GEP,KTOE,12182.889
IT,2020,G3000,gas,GEP,KTOE,11494.65
IT,2021,G3000,gas,GEP,KTOE,12381.593
IT,2022,G3000,gas,GEP,KTOE,12162.108
IT,2023,G3000,gas,GEP,KTOE,10230.999
NL,2015,G3000,gas,GEP,KTOE,3939.224
NL,2016,G3000,gas,GEP,KTOE,4516.869
NL,2017,G3000,gas,GEP,KTOE,4964.181
NL,2018,G3000,gas,GEP,KTOE,4955.293
NL,2019,G3000,gas,GEP,KTOE,6080.771
NL,2020,G3000,gas,GEP,KTOE,6235.948
NL,2021,G3000,gas,GEP,KTOE,4874.513
NL,2022,G3000,gas,GEP,KTOE,4105.13
NL,2023,G3000,gas,GEP,KTOE,3963.05
PL,2015,G3000,gas,GEP,KTOE,549.183
PL,2016,G3000,gas,GEP,KTOE,673.345
PL,2017,G3000,gas,GEP,KTOE,862.843
PL,2018,G3000,gas,GEP,KTOE,1086.357
PL,2019,G3000,gas,GEP,KTOE,1272.347
PL,2020,G3000,gas,GEP,KTOE,1486.461
PL,2021,G3000,gas,GEP,KTOE,1360.594
PL,2022,G3000,gas,GEP,KTOE,976.341
PL,2023,G3000,gas,GEP,KTOE,1418.199
TR,2015,G3000,gas,GEP,KTOE,8531.212
TR,2016,G3000,gas,GEP,KTOE,7672.141
TR,2017,G3000,gas,GEP,KTOE,9500.428
TR,2018,G3000,gas,GEP,KTOE,7952.091
TR,2019,G3000,gas,GEP,KTOE,4925.899
TR,2020,G3000,gas,GEP,KTOE,6098.997
TR,2021,G3000,gas,GEP,KTOE,9559.824
TR,2022,G3000,gas,GEP,KTOE,6453.882
TR,2023,G3000,gas,GEP,KTOE,5971.952
UK,2015,G3000,gas,GEP,KTOE,8587.74
UK,2016,G3000,gas,GEP,KTOE,12326.404
UK,2017,G3000,gas,GEP,KTOE,11758.024
UK,2018,G3000,gas,GEP,KTOE,11306.086
UK,2019,G3000,gas,GEP,KTOE,11228.287
DE,2015,G3000,gas,GEP,TJ,226861.2
DE,2016,G3000,gas,GEP,TJ,296258.4
DE,2017,G3000,gas,GEP,TJ,315666.0
DE,2018,G3000,gas,GEP,TJ,300330.0
DE,2019,G3000,gas,GEP,TJ,326710.8
DE,2020,G3000,gas,GEP,TJ,346626.0
DE,2021,G3000,gas,GEP,TJ,349290.0
DE,2022,G3000,gas,GEP,TJ,300963.6
DE,2023,G3000,gas,GEP,TJ,304290.0
ES,2015,G3000,gas,GEP,TJ,188992.8
ES,2016,G3000,gas,GEP,TJ,190152.0
ES,2017,G3000,gas,GEP,TJ,230533.2
ES,2018,G3000,gas,GEP,TJ,208814.4
ES,2019,G3000,gas,GEP,TJ,301330.8
ES,2020,G3000,gas,GEP,TJ,251060.4
ES,2021,G3000,gas,GEP,TJ,257407.2
ES,2022,G3000,gas,GEP,TJ,309510.0
ES,2023,G3000,gas,GEP,TJ,231379.2
FR,2015,G3000,gas,GEP,TJ,76115.351
FR,2016,G3000,gas,GEP,TJ,125881.51
FR,2017,G3000,gas,GEP,TJ,145801.318
FR,2018,G3000,gas,GEP,TJ,109970.976
FR,2019,G3000,gas,GEP,TJ,141250.05
FR,2020,G3000,gas,GEP,TJ,126882.474
FR,2021,G3000,gas,GEP,TJ,119902.91
FR,2022,G3000,gas,GEP,TJ,164667.047
FR,2023,G3000,gas,GEP,TJ,108055.721
IT,2015,G3000,gas,GEP,TJ,399096.0
IT,2016,G3000,gas,GEP,TJ,454132.8
IT,2017,G3000,gas,GEP,TJ,505257.422
IT,2018,G3000,gas,GEP,TJ,462735.191
IT,2019,G3000,gas,GEP,TJ,510073.211
IT,2020,G3000,gas,GEP,TJ,481258.022
IT,2021,G3000,gas,GEP,TJ,518392.548
IT,2022,G3000,gas,GEP,TJ,509203.123
IT,2023,G3000,gas,GEP,TJ,428351.454
NL,2015,G3000,gas,GEP,TJ,164927.441
NL,2016,G3000,gas,GEP,TJ,189112.284
NL,2017,G3000,gas,GEP,TJ,207840.319
NL,2018,G3000,gas,GEP,TJ,207468.202
NL,2019,G3000,gas,GEP,TJ,254589.721
NL,2020,G3000,gas,GEP,TJ,261086.681
NL,2021,G3000,gas,GEP,TJ,204086.124
NL,2022,G3000,gas,GEP,TJ,171873.594
NL,2023,G3000,gas,GEP,TJ,165924.983
PL,2015,G3000,gas,GEP,TJ,22993.2
PL,2016,G3000,gas,GEP,TJ,28191.6
PL,2017,G3000,gas,GEP,TJ,36125.503
PL,2018,G3000,gas,GEP,TJ,45483.592
PL,2019,G3000,gas,GEP,TJ,53270.622
PL,2020,G3000,gas,GEP,TJ,62235.166
PL,2021,G3000,gas,GEP,TJ,56965.342
PL,2022,G3000,gas,GEP,TJ,40877.446
PL,2023,G3000,gas,GEP,TJ,59377.169
TR,2015,G3000,gas,GEP,TJ,357184.8
TR,2016,G3000,gas,GEP,TJ,321217.2
TR,2017,G3000,gas,GEP,TJ,397763.932
TR,2018,G3000,gas,GEP,TJ,332938.134
TR,2019,G3000,gas,GEP,TJ,206237.524
TR,2020,G3000,gas,GEP,TJ,255352.799
TR,2021,G3000,gas,GEP,TJ,400250.718
TR,2022,G3000,gas,GEP,TJ,270211.151
TR,2023,G3000,gas,GEP,TJ,250033.68
UK,2015,G3000,gas,GEP,TJ,359551.498
UK,2016,G3000,gas,GEP,TJ,516081.866
UK,2017,G3000,gas,GEP,TJ,492284.952
UK,2018,G3000,gas,GEP,TJ,473363.208
UK,2019,G3000,gas,GEP,TJ,470105.939
DE,2015,N900H,nuclear,GEP,GWH,91786.0
DE,2016,N900H,nuclear,GEP,GWH,84634.0
DE,2017,N900H,nuclear,GEP,GWH,76324.0
DE,2018,N900H,nuclear,GEP,GWH,76005.0
DE,2019,N900H,nuclear,GEP,GWH,75071.0
DE,2020,N900H,nuclear,GEP,GWH,64382.0
DE,2021,N900H,nuclear,GEP,GWH,69130.0
DE,2022,N900H,nuclear,GEP,GWH,34709.0
DE,2023,N900H,nuclear,GEP,GWH,7216.0
ES,2015,N900H,nuclear,GEP,GWH,57196.0
ES,2016,N900H,nuclear,GEP,GWH,58633.0
ES,2017,N900H,nuclear,GEP,GWH,58039.0
ES,2018,N900H,nuclear,GEP,GWH,55766.0
ES,2019,N900H,nuclear,GEP,GWH,58349.0
ES,2020,N900H,nuclear,GEP,GWH,58299.0
ES,2021,N900H,nuclear,GEP,GWH,56564.0
ES,2022,N900H,nuclear,GEP,GWH,58590.0
ES,2023,N900H,nuclear,GEP,GWH,56873.0
FR,2015,N900H,nuclear,GEP,GWH,437427.808
FR,2016,N900H,nuclear,GEP,GWH,403195.482
FR,2017,N900H,nuclear,GEP,GWH,398359.129
FR,2018,N900H,nuclear,GEP,GWH,412941.812
FR,2019,N900H,nuclear,GEP,GWH,399011.587
FR,2020,N900H,nuclear,GEP,GWH,353832.867
FR,2021,N900H,nuclear,GEP,GWH,379361.292
FR,2022,N900H,nuclear,GEP,GWH,294731.038
FR,2023,N900H,nuclear,GEP,GWH,338202.283
IT,2015,N900H,nuclear,GEP,GWH,0.0
IT,2016,N900H,nuclear,GEP,GWH,0.0
IT,2017,N900H,nuclear,GEP,GWH,0.0
IT,2018,N900H,nuclear,GEP,GWH,0.0
IT,2019,N900H,nuclear,GEP,GWH,0.0
IT,2020,N900H,nuclear,GEP,GWH,0.0
IT,2021,N900H,nuclear,GEP,GWH,0.0
IT,2022,N900H,nuclear,GEP,GWH,0.0
IT,2023,N900H,nuclear,GEP,GWH,0.0
NL,2015,N900H,nuclear,GEP,GWH,4078.041
NL,2016,N900H,nuclear,GEP,GWH,3960.278
NL,2017,N900H,nuclear,GEP,GWH,3402.478
NL,2018,N900H,nuclear,GEP,GWH,3514.77
NL,2019,N900H,nuclear,GEP,GWH,3909.748
NL,2020,N900H,nuclear,GEP,GWH,4087.363
NL,2021,N900H,nuclear,GEP,GWH,3827.956
NL,2022,N900H,nuclear,GEP,GWH,4156.313
NL,2023,N900H,nuclear,GEP,GWH,3985.293
PL,2015,N900H,nuclear,GEP,GWH,0.0
PL,2016,N900H,nuclear,GEP,GWH,0.0
PL,2017,N900H,nuclear,GEP,GWH,0.0
PL,2018,N900H,nuclear,GEP,GWH,0.0
PL,2019,N900H,nuclear,GEP,GWH,0.0
PL,2020,N900H,nuclear,GEP,GWH,0.0
PL,2021,N900H,nuclear,GEP,GWH,0.0
PL,2022,N900H,nuclear,GEP,GWH,0.0
PL,2023,N900H,nuclear,GEP,GWH,0.0
TR,2015,N900H,nuclear,GEP,GWH,0.0
TR,2016,N900H,nuclear,GEP,GWH,0.0
TR,2017,N900H,nuclear,GEP,GWH,0.0
TR,2018,N900H,nuclear,GEP,GWH,0.0
TR,2019,N900H,nuclear,GEP,GWH,0.0
TR,2020,N900H,nuclear,GEP,GWH,0.0
TR,2021,N900H,nuclear,GEP,GWH,0.0
TR,2022,N900H,nuclear,GEP,GWH,0.0
TR,2023,N900H,nuclear,GEP,GWH,0.0
UK,2015,N900H,nuclear,GEP,GWH,70344.902
UK,2016,N900H,nuclear,GEP,GWH,71726.081
UK,2017,N900H,nuclear,GEP,GWH,70336.426
UK,2018,N900H,nuclear,GEP,GWH,65063.849
UK,2019,N900H,nuclear,GEP,GWH,56183.934
DE,2015,N900H,nuclear,GEP,KTOE,7892.175
DE,2016,N900H,nuclear,GEP,KTOE,7277.214
DE,2017,N900H,nuclear,GEP,KTOE,6562.683
DE,2018,N900H,nuclear,GEP,KTOE,6535.254
DE,2019,N900H,nuclear,GEP,KTOE,6454.944
DE,2020,N900H,nuclear,GEP,KTOE,5535.856
DE,2021,N900H,nuclear,GEP,KTOE,5944.11
DE,2022,N900H,nuclear,GEP,KTOE,2984.437
DE,2023,N900H,nuclear,GEP,KTOE,620.464
ES,2015,N900H,nuclear,GEP,KTOE,4917.971
ES,2016,N900H,nuclear,GEP,KTOE,5041.531
ES,2017,N900H,nuclear,GEP,KTOE,4990.456
ES,2018,N900H,nuclear,GEP,KTOE,4795.013
ES,2019,N900H,nuclear,GEP,KTOE,5017.111
ES,2020,N900H,nuclear,GEP,KTOE,5012.812
ES,2021,N900H,nuclear,GEP,KTOE,4863.629
ES,2022,N900H,nuclear,GEP,KTOE,5037.833
ES,2023,N900H,nuclear,GEP,KTOE,4890.198
FR,2015,N900H,nuclear,GEP,KTOE,37612.021
FR,2016,N900H,nuclear,GEP,KTOE,34668.571
FR,2017,N900H,nuclear,GEP,KTOE,34252.72
FR,2018,N900H,nuclear,GEP,KTOE,35506.605
FR,2019,N900H,nuclear,GEP,KTOE,34308.821
FR,2020,N900H,nuclear,GEP,KTOE,30424.15
FR,2021,N900H,nuclear,GEP,KTOE,32619.2
FR,2022,N900H,nuclear,GEP,KTOE,25342.308
FR,2023,N900H,nuclear,GEP,KTOE,29080.162
IT,2015,N900H,nuclear,GEP,KTOE,0.0
IT,2016,N900H,nuclear,GEP,KTOE,0.0
IT,2017,N900H,nuclear,GEP,KTOE,0.0
IT,2018,N900H,nuclear,GEP,KTOE,0.0
IT,2019,N900H,nuclear,GEP,KTOE,0.0
IT,2020,N900H,nuclear,GEP,KTOE,0.0
IT,2021,N900H,nuclear,GEP,KTOE,0.0
IT,2022,N900H,nuclear,GEP,KTOE,0.0
IT,2023,N900H,nuclear,GEP,KTOE,0.0
NL,2015,N900H,nuclear,GEP,KTOE,350.648
NL,2016,N900H,nuclear,GEP,KTOE,340.523
NL,2017,N900H,nuclear,GEP,KTOE,292.56
NL,2018,N900H,nuclear,GEP,KTOE,302.216
NL,2019,N900H,nuclear,GEP,KTOE,336.178
NL,2020,N900H,nuclear,GEP,KTOE,351.45
NL,2021,N900H,nuclear,GEP,KTOE,329.145
NL,2022,N900H,nuclear,GEP,KTOE,357.379
NL,2023,N900H,nuclear,GEP,KTOE,342.674
PL,2015,N900H,nuclear,GEP,KTOE,0.0
PL,2016,N900H,nuclear,GEP,KTOE,0.0
PL,2017,N900H,nuclear,GEP,KTOE,0.0
PL,2018,N900H,nuclear,GEP,KTOE,0.0
PL,2019,N900H,nuclear,GEP,KTOE,0.0
PL,2020,N900H,nuclear,GEP,KTOE,0.0
PL,2021,N900H,nuclear,GEP,KTOE,0.0
PL,2022,N900H,nuclear,GEP,KTOE,0.0
PL,2023,N900H,nuclear,GEP,KTOE,0.0
TR,2015,N900H,nuclear,GEP,KTOE,0.0
TR,2016,N900H,nuclear,GEP,KTOE,0.0
TR,2017,N900H,nuclear,GEP,KTOE,0.0
TR,2018,N900H,nuclear,GEP,KTOE,0.0
TR,2019,N900H,nuclear,GEP,KTOE,0.0
TR,2020,N900H,nuclear,GEP,KTOE,0.0
TR,2021,N900H,nuclear,GEP,KTOE,0.0
TR,2022,N900H,nuclear,GEP,KTOE,0.0
TR,2023,N900H,nuclear,GEP,KTOE,0.0
UK,2015,N900H,nuclear,GEP,KTOE,6048.573
UK,2016,N900H,nuclear,GEP,KTOE,6167.333
UK,2017,N900H,nuclear,GEP,KTOE,6047.844
UK,2018,N900H,nuclear,GEP,KTOE,5594.484
UK,2019,N900H,nuclear,GEP,KTOE,4830.949
DE,2015,N900H,nuclear,GEP,TJ,330429.6
DE,2016,N900H,nuclear,GEP,TJ,304682.4
DE,2017,N900H,nuclear,GEP,TJ,274766.4
DE,2018,N900H,nuclear,GEP,TJ,273618.0
DE,2019,N900H,nuclear,GEP,TJ,270255.6
DE,2020,N900H,nuclear,GEP,TJ,231775.2
DE,2021,N900H,nuclear,GEP,TJ,248868.0
DE,2022,N900H,nuclear,GEP,TJ,124952.4
DE,2023,N900H,nuclear,GEP,TJ,25977.6
ES,2015,N900H,nuclear,GEP,TJ,205905.6
ES,2016,N900H,nuclear,GEP,TJ,211078.8
ES,2017,N900H,nuclear,GEP,TJ,208940.4
ES,2018,N900H,nuclear,GEP,TJ,200757.6
ES,2019,N900H,nuclear,GEP,TJ,210056.4
ES,2020,N900H,nuclear,GEP,TJ,209876.4
ES,2021,N900H,nuclear,GEP,TJ,203630.4
ES,2022,N900H,nuclear,GEP,TJ,210924.0
ES,2023,N900H,nuclear,GEP,TJ,204742.8
FR,2015,N900H,nuclear,GEP,TJ,1574740.109
FR,2016,N900H,nuclear,GEP,TJ,1451503.735
FR,2017,N900H,nuclear,GEP,TJ,1434092.864
FR,2018,N900H,nuclear,GEP,TJ,1486590.523
FR,2019,N900H,nuclear,GEP,TJ,1436441.713
FR,2020,N900H,nuclear,GEP,TJ,1273798.321
FR,2021,N900H,nuclear,GEP,TJ,1365700.651
FR,2022,N900H,nuclear,GEP,TJ,1061031.737
FR,2023,N900H,nuclear,GEP,TJ,1217528.219
IT,2015,N900H,nuclear,GEP,TJ,0.0
IT,2016,N900H,nuclear,GEP,TJ,0.0
IT,2017,N900H,nuclear,GEP,TJ,0.0
IT,2018,N900H,nuclear,GEP,TJ,0.0
IT,2019,N900H,nuclear,GEP,TJ,0.0
IT,2020,N900H,nuclear,GEP,TJ,0.0
IT,2021,N900H,nuclear,GEP,TJ,0.0
IT,2022,N900H,nuclear,GEP,TJ,0.0
IT,2023,N900H,nuclear,GEP,TJ,0.0
NL,2015,N900H,nuclear,GEP,TJ,14680.948
NL,2016,N900H,nuclear,GEP,TJ,14257.001
NL,2017,N900H,nuclear,GEP,TJ,12248.921
NL,2018,N900H,nuclear,GEP,TJ,12653.172
NL,2019,N900H,nuclear,GEP,TJ,14075.093
NL,2020,N900H,nuclear,GEP,TJ,14714.507
NL,2021,N900H,nuclear,GEP,TJ,13780.642
NL,2022,N900H,nuclear,GEP,TJ,14962.727
NL,2023,N900H,nuclear,GEP,TJ,14347.055
PL,2015,N900H,nuclear,GEP,TJ,0.0
PL,2016,N900H,nuclear,GEP,TJ,0.0
PL,2017,N900H,nuclear,GEP,TJ,0.0
PL,2018,N900H,nuclear,GEP,TJ,0.0
PL,2019,N900H,nuclear,GEP,TJ,0.0
PL,2020,N900H,nuclear,GEP,TJ,0.0
PL,2021,N900H,nuclear,GEP,TJ,0.0
PL,2022,N900H,nuclear,GEP,TJ,0.0
PL,2023,N900H,nuclear,GEP,TJ,0.0
TR,2015,N900H,nuclear,GEP,TJ,0.0
TR,2016,N900H,nuclear,GEP,TJ,0.0
TR,2017,N900H,nuclear,GEP,TJ,0.0
TR,2018,N900H,nuclear,GEP,TJ,0.0
TR,2019,N900H,nuclear,GEP,TJ,0.0
TR,2020,N900H,nuclear,GEP,TJ,0.0
TR,2021,N900H,nuclear,GEP,TJ,0.0
TR,2022,N900H,nuclear,GEP,TJ,0.0
TR,2023,N900H,nuclear,GEP,TJ,0.0
UK,2015,N900H,nuclear,GEP,TJ,253241.647
UK,2016,N900H,nuclear,GEP,TJ,258213.892
UK,2017,N900H,nuclear,GEP,TJ,253211.134
UK,2018,N900H,nuclear,GEP,TJ,234229.856
UK,2019,N900H,nuclear,GEP,TJ,202262.162
DE,2015,RA100,hydro,GEP,GWH,18976.0
DE,2016,RA100,hydro,GEP,GWH,20546.0
DE,2017,RA100,hydro,GEP,GWH,20150.0
DE,2018,RA100,hydro,GEP,GWH,17693.0
DE,2019,RA100,hydro,GEP,GWH,19731.0
DE,2020,RA100,hydro,GEP,GWH,18721.0
DE,2021,RA100,hydro,GEP,GWH,19657.0
DE,2022,RA100,hydro,GEP,GWH,17624.0
DE,2023,RA100,hydro,GEP,GWH,21244.0
ES,2015,RA100,hydro,GEP,GWH,28140.0
ES,2016,RA100,hydro,GEP,GWH,36395.357
ES,2017,RA100,hydro,GEP,GWH,18322.0
ES,2018,RA100,hydro,GEP,GWH,34334.0
ES,2019,RA100,hydro,GEP,GWH,24646.0
ES,2020,RA100,hydro,GEP,GWH,30507.0
ES,2021,RA100,hydro,GEP,GWH,29626.0
ES,2022,RA100,hydro,GEP,GWH,17590.0
ES,2023,RA100,hydro,GEP,GWH,24996.0
FR,2015,RA100,hydro,GEP,GWH,55556.272
FR,2016,RA100,hydro,GEP,GWH,60839.21
FR,2017,RA100,hydro,GEP,GWH,50001.257
FR,2018,RA100,hydro,GEP,GWH,65111.426
FR,2019,RA100,hydro,GEP,GWH,56913.549
FR,2020,RA100,hydro,GEP,GWH,62523.508
FR,2021,RA100,hydro,GEP,GWH,59537.246
FR,2022,RA100,hydro,GEP,GWH,45481.692
FR,2023,RA100,hydro,GEP,GWH,55895.181
IT,2015,RA100,hydro,GEP,GWH,45537.324
IT,2016,RA100,hydro,GEP,GWH,42431.756
IT,2017,RA100,hydro,GEP,GWH,36198.71
IT,2018,RA100,hydro,GEP,GWH,48786.414
IT,2019,RA100,hydro,GEP,GWH,46318.533
IT,2020,RA100,hydro,GEP,GWH,47551.784
IT,2021,RA100,hydro,GEP,GWH,45388.164
IT,2022,RA100,hydro,GEP,GWH,28397.575
IT,2023,RA100,hydro,GEP,GWH,40517.259
NL,2015,RA100,hydro,GEP,GWH,92.7
NL,2016,RA100,hydro,GEP,GWH,100.079
NL,2017,RA100,hydro,GEP,GWH,60.757
NL,2018,RA100,hydro,GEP,GWH,72.348
NL,2019,RA100,hydro,GEP,GWH,74.182
NL,2020,RA100,hydro,GEP,GWH,46.066
NL,2021,RA100,hydro,GEP,GWH,88.24
NL,2022,RA100,hydro,GEP,GWH,49.998
NL,2023,RA100,hydro,GEP,GWH,69.369
PL,2015,RA100,hydro,GEP,GWH,1832.196
PL,2016,RA100,hydro,GEP,GWH,2139.446
PL,2017,RA100,hydro,GEP,GWH,2559.581
PL,2018,RA100,hydro,GEP,GWH,1969.997
PL,2019,RA100,hydro,GEP,GWH,1958.416
PL,2020,RA100,hydro,GEP,GWH,2118.337
PL,2021,RA100,hydro,GEP,GWH,2339.182
PL,2022,RA100,hydro,GEP,GWH,1968.187
PL,2023,RA100,hydro,GEP,GWH,2409.511
TR,2015,RA100,hydro,GEP,GWH,67145.605
TR,2016,RA100,hydro,GEP,GWH,67230.883
TR,2017,RA100,hydro,GEP,GWH,58218.462
TR,2018,RA100,hydro,GEP,GWH,59938.425
TR,2019,RA100,hydro,GEP,GWH,88822.776
TR,2020,RA100,hydro,GEP,GWH,78094.369
TR,2021,RA100,hydro,GEP,GWH,55926.81
TR,2022,RA100,hydro,GEP,GWH,66802.497
TR,2023,RA100,hydro,GEP,GWH,64002.447
UK,2015,RA100,hydro,GEP,GWH,9036.685
UK,2016,RA100,hydro,GEP,GWH,8329.627
UK,2017,RA100,hydro,GEP,GWH,8753.897
UK,2018,RA100,hydro,GEP,GWH,7942.286
UK,2019,RA100,hydro,GEP,GWH,7691.238
DE,2015,RA100,hydro,GEP,KTOE,1631.642
DE,2016,RA100,hydro,GEP,KTOE,1766.638
DE,2017,RA100,hydro,GEP,KTOE,1732.588
DE,2018,RA100,hydro,GEP,KTOE,1521.324
DE,2019,RA100,hydro,GEP,KTOE,1696.561
DE,2020,RA100,hydro,GEP,KTOE,1609.716
DE,2021,RA100,hydro,GEP,KTOE,1690.198
DE,2022,RA100,hydro,GEP,KTOE,1515.391
DE,2023,RA100,hydro,GEP,KTOE,1826.655
ES,2015,RA100,hydro,GEP,KTOE,2419.604
ES,2016,RA100,hydro,GEP,KTOE,3129.437
ES,2017,RA100,hydro,GEP,KTOE,1575.408
ES,2018,RA100,hydro,GEP,KTOE,2952.193
ES,2019,RA100,hydro,GEP,KTOE,2119.175
ES,2020,RA100,hydro,GEP,KTOE,2623.13
ES,2021,RA100,hydro,GEP,KTOE,2547.377
ES,2022,RA100,hydro,GEP,KTOE,1512.468
ES,2023,RA100,hydro,GEP,KTOE,2149.269
FR,2015,RA100,hydro,GEP,KTOE,4776.98
FR,2016,RA100,hydro,GEP,KTOE,5231.23
FR,2017,RA100,hydro,GEP,KTOE,4299.334
FR,2018,RA100,hydro,GEP,KTOE,5598.575
FR,2019,RA100,hydro,GEP,KTOE,4893.684
FR,2020,RA100,hydro,GEP,KTOE,5376.054
FR,2021,RA100,hydro,GEP,KTOE,5119.282
FR,2022,RA100,hydro,GEP,KTOE,3910.722
FR,2023,RA100,hydro,GEP,KTOE,4806.12
IT,2015,RA100,hydro,GEP,KTOE,3915.505
IT,2016,RA100,hydro,GEP,KTOE,3648.474
IT,2017,RA100,hydro,GEP,KTOE,3112.529
IT,2018,RA100,hydro,GEP,KTOE,4194.877
IT,2019,RA100,hydro,GEP,KTOE,3982.677
IT,2020,RA100,hydro,GEP,KTOE,4088.717
IT,2021,RA100,hydro,GEP,KTOE,3902.68
IT,2022,RA100,hydro,GEP,KTOE,2441.752
IT,2023,RA100,hydro,GEP,KTOE,3483.857
NL,2015,RA100,hydro,GEP,KTOE,7.971
NL,2016,RA100,hydro,GEP,KTOE,8.605
NL,2017,RA100,hydro,GEP,KTOE,5.224
NL,2018,RA100,hydro,GEP,KTOE,6.221
NL,2019,RA100,hydro,GEP,KTOE,6.379
NL,2020,RA100,hydro,GEP,KTOE,3.961
NL,2021,RA100,hydro,GEP,KTOE,7.587
NL,2022,RA100,hydro,GEP,KTOE,4.299
NL,2023,RA100,hydro,GEP,KTOE,5.965
PL,2015,RA100,hydro,GEP,KTOE,157.54
PL,2016,RA100,hydro,GEP,KTOE,183.959
PL,2017,RA100,hydro,GEP,KTOE,220.084
PL,2018,RA100,hydro,GEP,KTOE,169.389
PL,2019,RA100,hydro,GEP,KTOE,168.393
PL,2020,RA100,hydro,GEP,KTOE,182.144
PL,2021,RA100,hydro,GEP,KTOE,201.133
PL,2022,RA100,hydro,GEP,KTOE,169.234
PL,2023,RA100,hydro,GEP,KTOE,207.181
TR,2015,RA100,hydro,GEP,KTOE,5773.483
TR,2016,RA100,hydro,GEP,KTOE,5780.815
TR,2017,RA100,hydro,GEP,KTOE,5005.887
TR,2018,RA100,hydro,GEP,KTOE,5153.777
TR,2019,RA100,hydro,GEP,KTOE,7637.384
TR,2020,RA100,hydro,GEP,KTOE,6714.907
TR,2021,RA100,hydro,GEP,KTOE,4808.84
TR,2022,RA100,hydro,GEP,KTOE,5743.981
TR,2023,RA100,hydro,GEP,KTOE,5503.22
UK,2015,RA100,hydro,GEP,KTOE,777.015
UK,2016,RA100,hydro,GEP,KTOE,716.219
UK,2017,RA100,hydro,GEP,KTOE,752.7
UK,2018,RA100,hydro,GEP,KTOE,682.914
UK,2019,RA100,hydro,GEP,KTOE,661.327
DE,2015,RA100,hydro,GEP,TJ,68313.6
DE,2016,RA100,hydro,GEP,TJ,73965.6
DE,2017,RA100,hydro,GEP,TJ,72540.0
DE,2018,RA100,hydro,GEP,TJ,63694.8
DE,2019,RA100,hydro,GEP,TJ,71031.6
DE,2020,RA100,hydro,GEP,TJ,67395.6
DE,2021,RA100,hydro,GEP,TJ,70765.2
DE,2022,RA100,hydro,GEP,TJ,63446.4
DE,2023,RA100,hydro,GEP,TJ,76478.4
ES,2015,RA100,hydro,GEP,TJ,101304.0
ES,2016,RA100,hydro,GEP,TJ,131023.285
ES,2017,RA100,hydro,GEP,TJ,65959.2
ES,2018,RA100,hydro,GEP,TJ,123602.4
ES,2019,RA100,hydro,GEP,TJ,88725.6
ES,2020,RA100,hydro,GEP,TJ,109825.2
ES,2021,RA100,hydro,GEP,TJ,106653.6
ES,2022,RA100,hydro,GEP,TJ,63324.0
ES,2023,RA100,hydro,GEP,TJ,89985.6
FR,2015,RA100,hydro,GEP,TJ,200002.579
FR,2016,RA100,hydro,GEP,TJ,219021.156
FR,2017,RA100,hydro,GEP,TJ,180004.525
FR,2018,RA100,hydro,GEP,TJ,234401.134
FR,2019,RA100,hydro,GEP,TJ,204888.776
FR,2020,RA100,hydro,GEP,TJ,225084.629
FR,2021,RA100,hydro,GEP,TJ,214334.086
FR,2022,RA100,hydro,GEP,TJ,163734.091
FR,2023,RA100,hydro,GEP,TJ,201222.652
IT,2015,RA100,hydro,GEP,TJ,163934.366
IT,2016,RA100,hydro,GEP,TJ,152754.322
IT,2017,RA100,hydro,GEP,TJ,130315.356
IT,2018,RA100,hydro,GEP,TJ,175631.09
IT,2019,RA100,hydro,GEP,TJ,166746.719
IT,2020,RA100,hydro,GEP,TJ,171186.422
IT,2021,RA100,hydro,GEP,TJ,163397.39
IT,2022,RA100,hydro,GEP,TJ,102231.27
IT,2023,RA100,hydro,GEP,TJ,145862.132
NL,2015,RA100,hydro,GEP,TJ,333.72
NL,2016,RA100,hydro,GEP,TJ,360.284
NL,2017,RA100,hydro,GEP,TJ,218.725
NL,2018,RA100,hydro,GEP,TJ,260.453
NL,2019,RA100,hydro,GEP,TJ,267.055
NL,2020,RA100,hydro,GEP,TJ,165.838
NL,2021,RA100,hydro,GEP,TJ,317.664
NL,2022,RA100,hydro,GEP,TJ,179.993
NL,2023,RA100,hydro,GEP,TJ,249.728
PL,2015,RA100,hydro,GEP,TJ,6595.906
PL,2016,RA100,hydro,GEP,TJ,7702.006
PL,2017,RA100,hydro,GEP,TJ,9214.492
PL,2018,RA100,hydro,GEP,TJ,7091.989
PL,2019,RA100,hydro,GEP,TJ,7050.298
PL,2020,RA100,hydro,GEP,TJ,7626.013
PL,2021,RA100,hydro,GEP,TJ,8421.055
PL,2022,RA100,hydro,GEP,TJ,7085.473
PL,2023,RA100,hydro,GEP,TJ,8674.24
TR,2015,RA100,hydro,GEP,TJ,241724.178
TR,2016,RA100,hydro,GEP,TJ,242031.179
TR,2017,RA100,hydro,GEP,TJ,209586.463
TR,2018,RA100,hydro,GEP,TJ,215778.33
TR,2019,RA100,hydro,GEP,TJ,319761.994
TR,2020,RA100,hydro,GEP,TJ,281139.728
TR,2021,RA100,hydro,GEP,TJ,201336.516
TR,2022,RA100,hydro,GEP,TJ,240488.989
TR,2023,RA100,hydro,GEP,TJ,230408.809
UK,2015,RA100,hydro,GEP,TJ,32532.066
UK,2016,RA100,hydro,GEP,TJ,29986.657
UK,2017,RA100,hydro,GEP,TJ,31514.029
UK,2018,RA100,hydro,GEP,TJ,28592.23
UK,2019,RA100,hydro,GEP,TJ,27688.457
DE,2015,RA130,hydro_pumped,GEP,GWH,5921.0
DE,2016,RA130,hydro_pumped,GEP,GWH,5588.0
DE,2017,RA130,hydro_pumped,GEP,GWH,6005.0
DE,2018,RA130,hydro_pumped,GEP,GWH,6170.0
DE,2019,RA130,hydro_pumped,GEP,GWH,5940.0
DE,2020,RA130,hydro_pumped,GEP,GWH,6554.0
DE,2021,RA130,hydro_pumped,GEP,GWH,5315.0
DE,2022,RA130,hydro_pumped,GEP,GWH,5951.0
DE,2023,RA130,hydro_pumped,GEP,GWH,5443.0
ES,2015,RA130,hydro_pumped,GEP,GWH,3228.0
ES,2016,RA130,hydro_pumped,GEP,GWH,3469.68
ES,2017,RA130,hydro_pumped,GEP,GWH,2748.0
ES,2018,RA130,hydro_pumped,GEP,GWH,2469.0
ES,2019,RA130,hydro_pumped,GEP,GWH,2228.0
ES,2020,RA130,hydro_pumped,GEP,GWH,3491.0
ES,2021,RA130,hydro_pumped,GEP,GWH,3221.0
ES,2022,RA130,hydro_pumped,GEP,GWH,4512.0
ES,2023,RA130,hydro_pumped,GEP,GWH,6109.0
FR,2015,RA130,hydro_pumped,GEP,GWH,4957.091
FR,2016,RA130,hydro_pumped,GEP,GWH,4846.338
FR,2017,RA130,hydro_pumped,GEP,GWH,5133.653
FR,2018,RA130,hydro_pumped,GEP,GWH,5360.689
FR,2019,RA130,hydro_pumped,GEP,GWH,4658.767
FR,2020,RA130,hydro_pumped,GEP,GWH,4500.741
FR,2021,RA130,hydro_pumped,GEP,GWH,4330.798
FR,2022,RA130,hydro_pumped,GEP,GWH,5527.964
FR,2023,RA130,hydro_pumped,GEP,GWH,4194.298
IT,2015,RA130,hydro_pumped,GEP,GWH,1432.144
IT,2016,RA130,hydro_pumped,GEP,GWH,1825.204
IT,2017,RA130,hydro_pumped,GEP,GWH,1825.96
IT,2018,RA130,hydro_pumped,GEP,GWH,1716.337
IT,2019,RA130,hydro_pumped,GEP,GWH,1834.983
IT,2020,RA130,hydro_pumped,GEP,GWH,1943.471
IT,2021,RA130,hydro_pumped,GEP,GWH,2090.196
IT,2022,RA130,hydro_pumped,GEP,GWH,1893.167
IT,2023,RA130,hydro_pumped,GEP,GWH,1551.001
NL,2015,RA130,hydro_pumped,GEP,GWH,0.0
NL,2016,RA130,hydro_pumped,GEP,GWH,0.0
NL,2017,RA130,hydro_pumped,GEP,GWH,0.0
NL,2018,RA130,hydro_pumped,GEP,GWH,0.0
NL,2019,RA130,hydro_pumped,GEP,GWH,0.0
NL,2020,RA130,hydro_pumped,GEP,GWH,0.0
NL,2021,RA130,hydro_pumped,GEP,GWH,0.0
NL,2022,RA130,hydro_pumped,GEP,GWH,0.0
NL,2023,RA130,hydro_pumped,GEP,GWH,0.0
PL,2015,RA130,hydro_pumped,GEP,GWH,603.0
PL,2016,RA130,hydro_pumped,GEP,GWH,482.243
PL,2017,RA130,hydro_pumped,GEP,GWH,474.325
PL,2018,RA130,hydro_pumped,GEP,GWH,417.411
PL,2019,RA130,hydro_pumped,GEP,GWH,706.466
PL,2020,RA130,hydro_pumped,GEP,GWH,818.651
PL,2021,RA130,hydro_pumped,GEP,GWH,761.595
PL,2022,RA130,hydro_pumped,GEP,GWH,1050.121
PL,2023,RA130,hydro_pumped,GEP,GWH,1324.518
TR,2015,RA130,hydro_pumped,GEP,GWH,0.0
TR,2016,RA130,hydro_pumped,GEP,GWH,0.0
TR,2017,RA130,hydro_pumped,GEP,GWH,0.0
TR,2018,RA130,hydro_pumped,GEP,GWH,0.0
TR,2019,RA130,hydro_pumped,GEP,GWH,0.0
TR,2020,RA130,hydro_pumped,GEP,GWH,0.0
TR,2021,RA130,hydro_pumped,GEP,GWH,0.0
TR,2022,RA130,hydro_pumped,GEP,GWH,0.0
TR,2023,RA130,hydro_pumped,GEP,GWH,0.0
DE,2015,RA130,hydro_pumped,GEP,KTOE,509.114
DE,2016,RA130,hydro_pumped,GEP,KTOE,480.482
DE,2017,RA130,hydro_pumped,GEP,KTOE,516.337
DE,2018,RA130,hydro_pumped,GEP,KTOE,530.525
DE,2019,RA130,hydro_pumped,GEP,KTOE,510.748
DE,2020,RA130,hydro_pumped,GEP,KTOE,563.543
DE,2021,RA130,hydro_pumped,GEP,KTOE,457.008
DE,2022,RA130,hydro_pumped,GEP,KTOE,511.694
DE,2023,RA130,hydro_pumped,GEP,KTOE,468.014
ES,2015,RA130,hydro_pumped,GEP,KTOE,277.558
ES,2016,RA130,hydro_pumped,GEP,KTOE,298.339
ES,2017,RA130,hydro_pumped,GEP,KTOE,236.285
ES,2018,RA130,hydro_pumped,GEP,KTOE,212.296
ES,2019,RA130,hydro_pumped,GEP,KTOE,191.574
ES,2020,RA130,hydro_pumped,GEP,KTOE,300.172
ES,2021,RA130,hydro_pumped,GEP,KTOE,276.956
ES,2022,RA130,hydro_pumped,GEP,KTOE,387.962
ES,2023,RA130,hydro_pumped,GEP,KTOE,525.279
FR,2015,RA130,hydro_pumped,GEP,KTOE,426.233
FR,2016,RA130,hydro_pumped,GEP,KTOE,416.71
FR,2017,RA130,hydro_pumped,GEP,KTOE,441.415
FR,2018,RA130,hydro_pumped,GEP,KTOE,460.936
FR,2019,RA130,hydro_pumped,GEP,KTOE,400.582
FR,2020,RA130,hydro_pumped,GEP,KTOE,386.994
FR,2021,RA130,hydro_pumped,GEP,KTOE,372.382
FR,2022,RA130,hydro_pumped,GEP,KTOE,475.319
FR,2023,RA130,hydro_pumped,GEP,KTOE,360.645
IT,2015,RA130,hydro_pumped,GEP,KTOE,123.142
IT,2016,RA130,hydro_pumped,GEP,KTOE,156.939
IT,2017,RA130,hydro_pumped,GEP,KTOE,157.004
IT,2018,RA130,hydro_pumped,GEP,KTOE,147.578
IT,2019,RA130,hydro_pumped,GEP,KTOE,157.78
IT,2020,RA130,hydro_pumped,GEP,KTOE,167.108
IT,2021,RA130,hydro_pumped,GEP,KTOE,179.725
IT,2022,RA130,hydro_pumped,GEP,KTOE,162.783
IT,2023,RA130,hydro_pumped,GEP,KTOE,133.362
NL,2015,RA130,hydro_pumped,GEP,KTOE,0.0
NL,2016,RA130,hydro_pumped,GEP,KTOE,0.0
NL,2017,RA130,hydro_pumped,GEP,KTOE,0.0
NL,2018,RA130,hydro_pumped,GEP,KTOE,0.0
NL,2019,RA130,hydro_pumped,GEP,KTOE,0.0
NL,2020,RA130,hydro_pumped,GEP,KTOE,0.0
NL,2021,RA130,hydro_pumped,GEP,KTOE,0.0
NL,2022,RA130,hydro_pumped,GEP,KTOE,0.0
NL,2023,RA130,hydro_pumped,GEP,KTOE,0.0
PL,2015,RA130,hydro_pumped,GEP,KTOE,51.849
PL,2016,RA130,hydro_pumped,GEP,KTOE,41.465
PL,2017,RA130,hydro_pumped,GEP,KTOE,40.785
PL,2018,RA130,hydro_pumped,GEP,KTOE,35.891
PL,2019,RA130,hydro_pumped,GEP,KTOE,60.745
PL,2020,RA130,hydro_pumped,GEP,KTOE,70.391
PL,2021,RA130,hydro_pumped,GEP,KTOE,65.485
PL,2022,RA130,hydro_pumped,GEP,KTOE,90.294
PL,2023,RA130,hydro_pumped,GEP,KTOE,113.888
TR,2015,RA130,hydro_pumped,GEP,KTOE,0.0
TR,2016,RA130,hydro_pumped,GEP,KTOE,0.0
TR,2017,RA130,hydro_pumped,GEP,KTOE,0.0
TR,2018,RA130,hydro_pumped,GEP,KTOE,0.0
TR,2019,RA130,hydro_pumped,GEP,KTOE,0.0
TR,2020,RA130,hydro_pumped,GEP,KTOE,0.0
TR,2021,RA130,hydro_pumped,GEP,KTOE,0.0
TR,2022,RA130,hydro_pumped,GEP,KTOE,0.0
TR,2023,RA130,hydro_pumped,GEP,KTOE,0.0
DE,2015,RA130,hydro_pumped,GEP,TJ,21315.6
DE,2016,RA130,hydro_pumped,GEP,TJ,20116.8
DE,2017,RA130,hydro_pumped,GEP,TJ,21618.0
DE,2018,RA130,hydro_pumped,GEP,TJ,22212.0
DE,2019,RA130,hydro_pumped,GEP,TJ,21384.0
DE,2020,RA130,hydro_pumped,GEP,TJ,23594.4
DE,2021,RA130,hydro_pumped,GEP,TJ,19134.0
DE,2022,RA130,hydro_pumped,GEP,TJ,21423.6
DE,2023,RA130,hydro_pumped,GEP,TJ,19594.8
ES,2015,RA130,hydro_pumped,GEP,TJ,11620.8
ES,2016,RA130,hydro_pumped,GEP,TJ,12490.848
ES,2017,RA130,hydro_pumped,GEP,TJ,9892.8
ES,2018,RA130,hydro_pumped,GEP,TJ,8888.4
ES,2019,RA130,hydro_pumped,GEP,TJ,8020.8
ES,2020,RA130,hydro_pumped,GEP,TJ,12567.6
ES,2021,RA130,hydro_pumped,GEP,TJ,11595.6
ES,2022,RA130,hydro_pumped,GEP,TJ,16243.2
ES,2023,RA130,hydro_pumped,GEP,TJ,21992.4
FR,2015,RA130,hydro_pumped,GEP,TJ,17845.528
FR,2016,RA130,hydro_pumped,GEP,TJ,17446.817
FR,2017,RA130,hydro_pumped,GEP,TJ,18481.151
FR,2018,RA130,hydro_pumped,GEP,TJ,19298.48
FR,2019,RA130,hydro_pumped,GEP,TJ,16771.561
FR,2020,RA130,hydro_pumped,GEP,TJ,16202.668
FR,2021,RA130,hydro_pumped,GEP,TJ,15590.873
FR,2022,RA130,hydro_pumped,GEP,TJ,19900.67
FR,2023,RA130,hydro_pumped,GEP,TJ,15099.473
IT,2015,RA130,hydro_pumped,GEP,TJ,5155.718
IT,2016,RA130,hydro_pumped,GEP,TJ,6570.734
IT,2017,RA130,hydro_pumped,GEP,TJ,6573.456
IT,2018,RA130,hydro_pumped,GEP,TJ,6178.813
IT,2019,RA130,hydro_pumped,GEP,TJ,6605.939
IT,2020,RA130,hydro_pumped,GEP,TJ,6996.496
IT,2021,RA130,hydro_pumped,GEP,TJ,7524.706
IT,2022,RA130,hydro_pumped,GEP,TJ,6815.401
IT,2023,RA130,hydro_pumped,GEP,TJ,5583.604
NL,2015,RA130,hydro_pumped,GEP,TJ,0.0
NL,2016,RA130,hydro_pumped,GEP,TJ,0.0
NL,2017,RA130,hydro_pumped,GEP,TJ,0.0
NL,2018,RA130,hydro_pumped,GEP,TJ,0.0
NL,2019,RA130,hydro_pumped,GEP,TJ,0.0
NL,2020,RA130,hydro_pumped,GEP,TJ,0.0
NL,2021,RA130,hydro_pumped,GEP,TJ,0.0
NL,2022,RA130,hydro_pumped,GEP,TJ,0.0
NL,2023,RA130,hydro_pumped,GEP,TJ,0.0
PL,2015,RA130,hydro_pumped,GEP,TJ,2170.8
PL,2016,RA130,hydro_pumped,GEP,TJ,1736.075
PL,2017,RA130,hydro_pumped,GEP,TJ,1707.57
PL,2018,RA130,hydro_pumped,GEP,TJ,1502.68
PL,2019,RA130,hydro_pumped,GEP,TJ,2543.278
PL,2020,RA130,hydro_pumped,GEP,TJ,2947.144
PL,2021,RA130,hydro_pumped,GEP,TJ,2741.742
PL,2022,RA130,hydro_pumped,GEP,TJ,3780.436
PL,2023,RA130,hydro_pumped,GEP,TJ,4768.265
TR,2015,RA130,hydro_pumped,GEP,TJ,0.0
TR,2016,RA130,hydro_pumped,GEP,TJ,0.0
TR,2017,RA130,hydro_pumped,GEP,TJ,0.0
TR,2018,RA130,hydro_pumped,GEP,TJ,0.0
TR,2019,RA130,hydro_pumped,GEP,TJ,0.0
TR,2020,RA130,hydro_pumped,GEP,TJ,0.0
TR,2021,RA130,hydro_pumped,GEP,TJ,0.0
TR,2022,RA130,hydro_pumped,GEP,TJ,0.0
TR,2023,RA130,hydro_pumped,GEP,TJ,0.0
DE,2015,RA300,wind,GEP,GWH,80624.0
DE,2016,RA300,wind,GEP,GWH,79924.0
DE,2017,RA300,wind,GEP,GWH,105693.0
DE,2018,RA300,wind,GEP,GWH,109951.0
DE,2019,RA300,wind,GEP,GWH,125894.0
DE,2020,RA300,wind,GEP,GWH,132102.0
DE,2021,RA300,wind,GEP,GWH,114169.0
DE,2022,RA300,wind,GEP,GWH,124816.0
DE,2023,RA300,wind,GEP,GWH,141764.0
ES,2015,RA300,wind,GEP,GWH,49325.0
ES,2016,RA300,wind,GEP,GWH,48905.0
ES,2017,RA300,wind,GEP,GWH,49127.0
ES,2018,RA300,wind,GEP,GWH,50896.0
ES,2019,RA300,wind,GEP,GWH,55647.0
ES,2020,RA300,wind,GEP,GWH,56444.0
ES,2021,RA300,wind,GEP,GWH,62061.0
ES,2022,RA300,wind,GEP,GWH,62784.0
ES,2023,RA300,wind,GEP,GWH,64275.0
FR,2015,RA300,wind,GEP,GWH,21857.757
FR,2016,RA300,wind,GEP,GWH,21817.332
FR,2017,RA300,wind,GEP,GWH,25111.67
FR,2018,RA300,wind,GEP,GWH,29182.24
FR,2019,RA300,wind,GEP,GWH,35458.502
FR,2020,RA300,wind,GEP,GWH,40707.599
FR,2021,RA300,wind,GEP,GWH,37693.415
FR,2022,RA300,wind,GEP,GWH,38975.853
FR,2023,RA300,wind,GEP,GWH,51457.201
IT,2015,RA300,wind,GEP,GWH,14843.882
IT,2016,RA300,wind,GEP,GWH,17688.67
IT,2017,RA300,wind,GEP,GWH,17741.909
IT,2018,RA300,wind,GEP,GWH,17716.434
IT,2019,RA300,wind,GEP,GWH,20202.042
IT,2020,RA300,wind,GEP,GWH,18761.557
IT,2021,RA300,wind,GEP,GWH,20927.303
IT,2022,RA300,wind,GEP,GWH,20494.178
IT,2023,RA300,wind,GEP,GWH,23640.472
NL,2015,RA300,wind,GEP,GWH,7549.858
NL,2016,RA300,wind,GEP,GWH,8170.446
NL,2017,RA300,wind,GEP,GWH,10568.801
NL,2018,RA300,wind,GEP,GWH,10548.511
NL,2019,RA300,wind,GEP,GWH,11507.927
NL,2020,RA300,wind,GEP,GWH,15277.726
NL,2021,RA300,wind,GEP,GWH,18123.359
NL,2022,RA300,wind,GEP,GWH,21565.971
NL,2023,RA300,wind,GEP,GWH,29634.139
PL,2015,RA300,wind,GEP,GWH,10858.365
PL,2016,RA300,wind,GEP,GWH,12587.59
PL,2017,RA300,wind,GEP,GWH,14909.041
PL,2018,RA300,wind,GEP,GWH,12798.792
PL,2019,RA300,wind,GEP,GWH,15106.759
PL,2020,RA300,wind,GEP,GWH,15800.049
PL,2021,RA300,wind,GEP,GWH,16233.547
PL,2022,RA300,wind,GEP,GWH,19779.538
PL,2023,RA300,wind,GEP,GWH,24176.356
TR,2015,RA300,wind,GEP,GWH,11652.487
TR,2016,RA300,wind,GEP,GWH,15517.087
TR,2017,RA300,wind,GEP,GWH,17903.815
TR,2018,RA300,wind,GEP,GWH,19949.196
TR,2019,RA300,wind,GEP,GWH,21730.713
TR,2020,RA300,wind,GEP,GWH,24828.222
TR,2021,RA300,wind,GEP,GWH,31436.749
TR,2022,RA300,wind,GEP,GWH,34945.448
TR,2023,RA300,wind,GEP,GWH,34109.049
UK,2015,RA300,wind,GEP,GWH,40274.719
UK,2016,RA300,wind,GEP,GWH,37159.422
UK,2017,RA300,wind,GEP,GWH,49641.122
UK,2018,RA300,wind,GEP,GWH,56906.35
UK,2019,RA300,wind,GEP,GWH,64334.844
DE,2015,RA300,wind,GEP,KTOE,6932.416
DE,2016,RA300,wind,GEP,KTOE,6872.227
DE,2017,RA300,wind,GEP,KTOE,9087.962
DE,2018,RA300,wind,GEP,KTOE,9454.084
DE,2019,RA300,wind,GEP,KTOE,10824.936
DE,2020,RA300,wind,GEP,KTOE,11358.727
DE,2021,RA300,wind,GEP,KTOE,9816.767
DE,2022,RA300,wind,GEP,KTOE,10732.244
DE,2023,RA300,wind,GEP,KTOE,12189.51
ES,2015,RA300,wind,GEP,KTOE,4241.187
ES,2016,RA300,wind,GEP,KTOE,4205.073
ES,2017,RA300,wind,GEP,KTOE,4224.162
ES,2018,RA300,wind,GEP,KTOE,4376.268
ES,2019,RA300,wind,GEP,KTOE,4784.781
ES,2020,RA300,wind,GEP,KTOE,4853.31
ES,2021,RA300,wind,GEP,KTOE,5336.285
ES,2022,RA300,wind,GEP,KTOE,5398.452
ES,2023,RA300,wind,GEP,KTOE,5526.655
FR,2015,RA300,wind,GEP,KTOE,1879.429
FR,2016,RA300,wind,GEP,KTOE,1875.953
FR,2017,RA300,wind,GEP,KTOE,2159.215
FR,2018,RA300,wind,GEP,KTOE,2509.221
FR,2019,RA300,wind,GEP,KTOE,3048.882
FR,2020,RA300,wind,GEP,KTOE,3500.223
FR,2021,RA300,wind,GEP,KTOE,3241.05
FR,2022,RA300,wind,GEP,KTOE,3351.32
FR,2023,RA300,wind,GEP,KTOE,4424.523
IT,2015,RA300,wind,GEP,KTOE,1276.344
IT,2016,RA300,wind,GEP,KTOE,1520.952
IT,2017,RA300,wind,GEP,KTOE,1525.53
IT,2018,RA300,wind,GEP,KTOE,1523.339
IT,2019,RA300,wind,GEP,KTOE,1737.063
IT,2020,RA300,wind,GEP,KTOE,1613.204
IT,2021,RA300,wind,GEP,KTOE,1799.424
IT,2022,RA300,wind,GEP,KTOE,1762.182
IT,2023,RA300,wind,GEP,KTOE,2032.715
NL,2015,RA300,wind,GEP,KTOE,649.171
NL,2016,RA300,wind,GEP,KTOE,702.532
NL,2017,RA300,wind,GEP,KTOE,908.753
NL,2018,RA300,wind,GEP,KTOE,907.009
NL,2019,RA300,wind,GEP,KTOE,989.504
NL,2020,RA300,wind,GEP,KTOE,1313.648
NL,2021,RA300,wind,GEP,KTOE,1558.328
NL,2022,RA300,wind,GEP,KTOE,1854.34
NL,2023,RA300,wind,GEP,KTOE,2548.077
PL,2015,RA300,wind,GEP,KTOE,933.651
PL,2016,RA300,wind,GEP,KTOE,1082.338
PL,2017,RA300,wind,GEP,KTOE,1281.947
PL,2018,RA300,wind,GEP,KTOE,1100.498
PL,2019,RA300,wind,GEP,KTOE,1298.947
PL,2020,RA300,wind,GEP,KTOE,1358.56
PL,2021,RA300,wind,GEP,KTOE,1395.834
PL,2022,RA300,wind,GEP,KTOE,1700.734
PL,2023,RA300,wind,GEP,KTOE,2078.792
TR,2015,RA300,wind,GEP,KTOE,1001.934
TR,2016,RA300,wind,GEP,KTOE,1334.229
TR,2017,RA300,wind,GEP,KTOE,1539.451
TR,2018,RA300,wind,GEP,KTOE,1715.322
TR,2019,RA300,wind,GEP,KTOE,1868.505
TR,2020,RA300,wind,GEP,KTOE,2134.843
TR,2021,RA300,wind,GEP,KTOE,2703.074
TR,2022,RA300,wind,GEP,KTOE,3004.768
TR,2023,RA300,wind,GEP,KTOE,2932.85
UK,2015,RA300,wind,GEP,KTOE,3463.002
UK,2016,RA300,wind,GEP,KTOE,3195.135
UK,2017,RA300,wind,GEP,KTOE,4268.368
UK,2018,RA300,wind,GEP,KTOE,4893.065
UK,2019,RA300,wind,GEP,KTOE,5531.801
DE,2015,RA300,wind,GEP,TJ,290246.4
DE,2016,RA300,wind,GEP,TJ,287726.4
DE,2017,RA300,wind,GEP,TJ,380494.8
DE,2018,RA300,wind,GEP,TJ,395823.6
DE,2019,RA300,wind,GEP,TJ,453218.4
DE,2020,RA300,wind,GEP,TJ,475567.2
DE,2021,RA300,wind,GEP,TJ,411008.4
DE,2022,RA300,wind,GEP,TJ,449337.6
DE,2023,RA300,wind,GEP,TJ,510350.4
ES,2015,RA300,wind,GEP,TJ,177570.0
ES,2016,RA300,wind,GEP,TJ,176058.0
ES,2017,RA300,wind,GEP,TJ,176857.2
ES,2018,RA300,wind,GEP,TJ,183225.6
ES,2019,RA300,wind,GEP,TJ,200329.2
ES,2020,RA300,wind,GEP,TJ,203198.4
ES,2021,RA300,wind,GEP,TJ,223419.6
ES,2022,RA300,wind,GEP,TJ,226022.4
ES,2023,RA300,wind,GEP,TJ,231390.0
FR,2015,RA300,wind,GEP,TJ,78687.926
FR,2016,RA300,wind,GEP,TJ,78542.394
FR,2017,RA300,wind,GEP,TJ,90402.013
FR,2018,RA300,wind,GEP,TJ,105056.063
FR,2019,RA300,wind,GEP,TJ,127650.607
FR,2020,RA300,wind,GEP,TJ,146547.356
FR,2021,RA300,wind,GEP,TJ,135696.295
FR,2022,RA300,wind,GEP,TJ,140313.071
FR,2023,RA300,wind,GEP,TJ,185245.924
IT,2015,RA300,wind,GEP,TJ,53437.975
IT,2016,RA300,wind,GEP,TJ,63679.212
IT,2017,RA300,wind,GEP,TJ,63870.872
IT,2018,RA300,wind,GEP,TJ,63779.162
IT,2019,RA300,wind,GEP,TJ,72727.351
IT,2020,RA300,wind,GEP,TJ,67541.605
IT,2021,RA300,wind,GEP,TJ,75338.291
IT,2022,RA300,wind,GEP,TJ,73779.041
IT,2023,RA300,wind,GEP,TJ,85105.699
NL,2015,RA300,wind,GEP,TJ,27179.489
NL,2016,RA300,wind,GEP,TJ,29413.606
NL,2017,RA300,wind,GEP,TJ,38047.684
NL,2018,RA300,wind,GEP,TJ,37974.64
NL,2019,RA300,wind,GEP,TJ,41428.537
NL,2020,RA300,wind,GEP,TJ,54999.814
NL,2021,RA300,wind,GEP,TJ,65244.092
NL,2022,RA300,wind,GEP,TJ,77637.496
NL,2023,RA300,wind,GEP,TJ,106682.9
PL,2015,RA300,wind,GEP,TJ,39090.114
PL,2016,RA300,wind,GEP,TJ,45315.324
PL,2017,RA300,wind,GEP,TJ,53672.548
PL,2018,RA300,wind,GEP,TJ,46075.651
PL,2019,RA300,wind,GEP,TJ,54384.332
PL,2020,RA300,wind,GEP,TJ,56880.176
PL,2021,RA300,wind,GEP,TJ,58440.769
PL,2022,RA300,wind,GEP,TJ,71206.337
PL,2023,RA300,wind,GEP,TJ,87034.882
TR,2015,RA300,wind,GEP,TJ,41948.953
TR,2016,RA300,wind,GEP,TJ,55861.513
TR,2017,RA300,wind,GEP,TJ,64453.734
TR,2018,RA300,wind,GEP,TJ,71817.106
TR,2019,RA300,wind,GEP,TJ,78230.567
TR,2020,RA300,wind,GEP,TJ,89381.599
TR,2021,RA300,wind,GEP,TJ,113172.296
TR,2022,RA300,wind,GEP,TJ,125803.613
TR,2023,RA300,wind,GEP,TJ,122792.576
UK,2015,RA300,wind,GEP,TJ,144988.988
UK,2016,RA300,wind,GEP,TJ,133773.919
UK,2017,RA300,wind,GEP,TJ,178708.039
UK,2018,RA300,wind,GEP,TJ,204862.86
UK,2019,RA300,wind,GEP,TJ,231605.438
DE,2015,RA420,solar,GEP,GWH,38726.0
DE,2016,RA420,solar,GEP,GWH,38098.0
DE,2017,RA420,solar,GEP,GWH,39401.0
DE,2018,RA420,solar,GEP,GWH,43459.0
DE,2019,RA420,solar,GEP,GWH,44383.0
DE,2020,RA420,solar,GEP,GWH,49496.0
DE,2021,RA420,solar,GEP,GWH,50472.0
DE,2022,RA420,solar,GEP,GWH,61022.0
DE,2023,RA420,solar,GEP,GWH,64299.0
ES,2015,RA420,solar,GEP,GWH,8266.217
ES,2016,RA420,solar,GEP,GWH,8063.53
ES,2017,RA420,solar,GEP,GWH,8514.0
ES,2018,RA420,solar,GEP,GWH,7877.0
ES,2019,RA420,solar,GEP,GWH,9420.0
ES,2020,RA420,solar,GEP,GWH,15675.0
ES,2021,RA420,solar,GEP,GWH,21922.0
ES,2022,RA420,solar,GEP,GWH,31187.0
ES,2023,RA420,solar,GEP,GWH,43421.0
FR,2015,RA420,solar,GEP,GWH,7753.821
FR,2016,RA420,solar,GEP,GWH,8659.959
FR,2017,RA420,solar,GEP,GWH,8865.682
FR,2018,RA420,solar,GEP,GWH,11146.014
FR,2019,RA420,solar,GEP,GWH,12024.928
FR,2020,RA420,solar,GEP,GWH,13090.073
FR,2021,RA420,solar,GEP,GWH,15282.074
FR,2022,RA420,solar,GEP,GWH,19341.015
FR,2023,RA420,solar,GEP,GWH,22588.318
IT,2015,RA420,solar,GEP,GWH,22942.192
IT,2016,RA420,solar,GEP,GWH,22104.259
IT,2017,RA420,solar,GEP,GWH,24377.711
IT,2018,RA420,solar,GEP,GWH,22653.838
IT,2019,RA420,solar,GEP,GWH,23688.9
IT,2020,RA420,solar,GEP,GWH,24941.504
IT,2021,RA420,solar,GEP,GWH,25038.99
IT,2022,RA420,solar,GEP,GWH,28121.457
IT,2023,RA420,solar,GEP,GWH,30711.082
NL,2015,RA420,solar,GEP,GWH,1108.52
NL,2016,RA420,solar,GEP,GWH,1601.808
NL,2017,RA420,solar,GEP,GWH,2204.346
NL,2018,RA420,solar,GEP,GWH,3707.792
NL,2019,RA420,solar,GEP,GWH,5399.406
NL,2020,RA420,solar,GEP,GWH,8567.013
NL,2021,RA420,solar,GEP,GWH,11303.873
NL,2022,RA420,solar,GEP,GWH,16656.805
NL,2023,RA420,solar,GEP,GWH,19607.192
PL,2015,RA420,solar,GEP,GWH,56.639
PL,2016,RA420,solar,GEP,GWH,123.875
PL,2017,RA420,solar,GEP,GWH,165.463
PL,2018,RA420,solar,GEP,GWH,300.488
PL,2019,RA420,solar,GEP,GWH,710.673
PL,2020,RA420,solar,GEP,GWH,1957.916
PL,2021,RA420,solar,GEP,GWH,3934.448
PL,2022,RA420,solar,GEP,GWH,8309.67
PL,2023,RA420,solar,GEP,GWH,11107.089
TR,2015,RA420,solar,GEP,GWH,194.06
TR,2016,RA420,solar,GEP,GWH,1043.138
TR,2017,RA420,solar,GEP,GWH,2889.302
TR,2018,RA420,solar,GEP,GWH,7799.798
TR,2019,RA420,solar,GEP,GWH,9249.828
TR,2020,RA420,solar,GEP,GWH,10950.18
TR,2021,RA420,solar,GEP,GWH,13942.86
TR,2022,RA420,solar,GEP,GWH,16887.571
TR,2023,RA420,solar,GEP,GWH,22090.561
UK,2015,RA420,solar,GEP,GWH,7532.864
UK,2016,RA420,solar,GEP,GWH,10395.105
UK,2017,RA420,solar,GEP,GWH,11461.943
UK,2018,RA420,solar,GEP,GWH,12735.51
UK,2019,RA420,solar,GEP,GWH,12918.07
DE,2015,RA420,solar,GEP,KTOE,3329.837
DE,2016,RA420,solar,GEP,KTOE,3275.838
DE,2017,RA420,solar,GEP,KTOE,3387.876
DE,2018,RA420,solar,GEP,KTOE,3736.801
DE,2019,RA420,solar,GEP,KTOE,3816.251
DE,2020,RA420,solar,GEP,KTOE,4255.89
DE,2021,RA420,solar,GEP,KTOE,4339.811
DE,2022,RA420,solar,GEP,KTOE,5246.948
DE,2023,RA420,solar,GEP,KTOE,5528.719
ES,2015,RA420,solar,GEP,KTOE,710.767
ES,2016,RA420,solar,GEP,KTOE,693.339
ES,2017,RA420,solar,GEP,KTOE,732.072
ES,2018,RA420,solar,GEP,KTOE,677.3
ES,2019,RA420,solar,GEP,KTOE,809.974
ES,2020,RA420,solar,GEP,KTOE,1347.807
ES,2021,RA420,solar,GEP,KTOE,1884.953
ES,2022,RA420,solar,GEP,KTOE,2681.599
ES,2023,RA420,solar,GEP,KTOE,3733.534
FR,2015,RA420,solar,GEP,KTOE,666.709
FR,2016,RA420,solar,GEP,KTOE,744.622
FR,2017,RA420,solar,GEP,KTOE,762.311
FR,2018,RA420,solar,GEP,KTOE,958.385
FR,2019,RA420,solar,GEP,KTOE,1033.958
FR,2020,RA420,solar,GEP,KTOE,1125.544
FR,2021,RA420,solar,GEP,KTOE,1314.022
FR,2022,RA420,solar,GEP,KTOE,1663.028
FR,2023,RA420,solar,GEP,KTOE,1942.246
IT,2015,RA420,solar,GEP,KTOE,1972.673
IT,2016,RA420,solar,GEP,KTOE,1900.624
IT,2017,RA420,solar,GEP,KTOE,2096.106
IT,2018,RA420,solar,GEP,KTOE,1947.879
IT,2019,RA420,solar,GEP,KTOE,2036.879
IT,2020,RA420,solar,GEP,KTOE,2144.583
IT,2021,RA420,solar,GEP,KTOE,2152.966
IT,2022,RA420,solar,GEP,KTOE,2418.01
IT,2023,RA420,solar,GEP,KTOE,2640.678
NL,2015,RA420,solar,GEP,KTOE,95.316
NL,2016,RA420,solar,GEP,KTOE,137.731
NL,2017,RA420,solar,GEP,KTOE,189.54
NL,2018,RA420,solar,GEP,KTOE,318.813
NL,2019,RA420,solar,GEP,KTOE,464.265
NL,2020,RA420,solar,GEP,KTOE,736.631
NL,2021,RA420,solar,GEP,KTOE,971.958
NL,2022,RA420,solar,GEP,KTOE,1432.227
NL,2023,RA420,solar,GEP,KTOE,1685.915
PL,2015,RA420,solar,GEP,KTOE,4.87
PL,2016,RA420,solar,GEP,KTOE,10.651
PL,2017,RA420,solar,GEP,KTOE,14.227
PL,2018,RA420,solar,GEP,KTOE,25.837
PL,2019,RA420,solar,GEP,KTOE,61.107
PL,2020,RA420,solar,GEP,KTOE,168.35
PL,2021,RA420,solar,GEP,KTOE,338.302
PL,2022,RA420,solar,GEP,KTOE,714.503
PL,2023,RA420,solar,GEP,KTOE,955.038
TR,2015,RA420,solar,GEP,KTOE,16.686
TR,2016,RA420,solar,GEP,KTOE,89.694
TR,2017,RA420,solar,GEP,KTOE,248.435
TR,2018,RA420,solar,GEP,KTOE,670.662
TR,2019,RA420,solar,GEP,KTOE,795.342
TR,2020,RA420,solar,GEP,KTOE,941.546
TR,2021,RA420,solar,GEP,KTOE,1198.87
TR,2022,RA420,solar,GEP,KTOE,1452.07
TR,2023,RA420,solar,GEP,KTOE,1899.446
UK,2015,RA420,solar,GEP,KTOE,647.71
UK,2016,RA420,solar,GEP,KTOE,893.818
UK,2017,RA420,solar,GEP,KTOE,985.55
UK,2018,RA420,solar,GEP,KTOE,1095.057
UK,2019,RA420,solar,GEP,KTOE,1110.754
DE,2015,RA420,solar,GEP,TJ,139413.6
DE,2016,RA420,solar,GEP,TJ,137152.8
DE,2017,RA420,solar,GEP,TJ,141843.6
DE,2018,RA420,solar,GEP,TJ,156452.4
DE,2019,RA420,solar,GEP,TJ,159778.8
DE,2020,RA420,solar,GEP,TJ,178185.6
DE,2021,RA420,solar,GEP,TJ,181699.2
DE,2022,RA420,solar,GEP,TJ,219679.2
DE,2023,RA420,solar,GEP,TJ,231476.4
ES,2015,RA420,solar,GEP,TJ,29758.381
ES,2016,RA420,solar,GEP,TJ,29028.708
ES,2017,RA420,solar,GEP,TJ,30650.4
ES,2018,RA420,solar,GEP,TJ,28357.2
ES,2019,RA420,solar,GEP,TJ,33912.0
ES,2020,RA420,solar,GEP,TJ,56430.0
ES,2021,RA420,solar,GEP,TJ,78919.2
ES,2022,RA420,solar,GEP,TJ,112273.2
ES,2023,RA420,solar,GEP,TJ,156315.6
FR,2015,RA420,solar,GEP,TJ,27913.756
FR,2016,RA420,solar,GEP,TJ,31175.852
FR,2017,RA420,solar,GEP,TJ,31916.455
FR,2018,RA420,solar,GEP,TJ,40125.65
FR,2019,RA420,solar,GEP,TJ,43289.741
FR,2020,RA420,solar,GEP,TJ,47124.263
FR,2021,RA420,solar,GEP,TJ,55015.466
FR,2022,RA420,solar,GEP,TJ,69627.654
FR,2023,RA420,solar,GEP,TJ,81317.945
IT,2015,RA420,solar,GEP,TJ,82591.891
IT,2016,RA420,solar,GEP,TJ,79575.332
IT,2017,RA420,solar,GEP,TJ,87759.76
IT,2018,RA420,solar,GEP,TJ,81553.817
IT,2019,RA420,solar,GEP,TJ,85280.04
IT,2020,RA420,solar,GEP,TJ,89789.414
IT,2021,RA420,solar,GEP,TJ,90140.364
IT,2022,RA420,solar,GEP,TJ,101237.245
IT,2023,RA420,solar,GEP,TJ,110559.895
NL,2015,RA420,solar,GEP,TJ,3990.672
NL,2016,RA420,solar,GEP,TJ,5766.509
NL,2017,RA420,solar,GEP,TJ,7935.646
NL,2018,RA420,solar,GEP,TJ,13348.051
NL,2019,RA420,solar,GEP,TJ,19437.862
NL,2020,RA420,solar,GEP,TJ,30841.247
NL,2021,RA420,solar,GEP,TJ,40693.943
NL,2022,RA420,solar,GEP,TJ,59964.498
NL,2023,RA420,solar,GEP,TJ,70585.891
PL,2015,RA420,solar,GEP,TJ,203.9
PL,2016,RA420,solar,GEP,TJ,445.95
PL,2017,RA420,solar,GEP,TJ,595.667
PL,2018,RA420,solar,GEP,TJ,1081.757
PL,2019,RA420,solar,GEP,TJ,2558.423
PL,2020,RA420,solar,GEP,TJ,7048.498
PL,2021,RA420,solar,GEP,TJ,14164.013
PL,2022,RA420,solar,GEP,TJ,29914.812
PL,2023,RA420,solar,GEP,TJ,39985.52
TR,2015,RA420,solar,GEP,TJ,698.616
TR,2016,RA420,solar,GEP,TJ,3755.297
TR,2017,RA420,solar,GEP,TJ,10401.487
TR,2018,RA420,solar,GEP,TJ,28079.273
TR,2019,RA420,solar,GEP,TJ,33299.381
TR,2020,RA420,solar,GEP,TJ,39420.648
TR,2021,RA420,solar,GEP,TJ,50194.296
TR,2022,RA420,solar,GEP,TJ,60795.256
TR,2023,RA420,solar,GEP,TJ,79526.02
UK,2015,RA420,solar,GEP,TJ,27118.31
UK,2016,RA420,solar,GEP,TJ,37422.378
UK,2017,RA420,solar,GEP,TJ,41262.995
UK,2018,RA420,solar,GEP,TJ,45847.836
UK,2019,RA420,solar,GEP,TJ,46505.052
DE,2015,TOTAL,total,GEP,GWH,648308.0
DE,2016,TOTAL,total,GEP,GWH,650449.0
DE,2017,TOTAL,total,GEP,GWH,653723.0
DE,2018,TOTAL,total,GEP,GWH,640468.0
DE,2019,TOTAL,total,GEP,GWH,606917.0
DE,2020,TOTAL,total,GEP,GWH,575462.0
DE,2021,TOTAL,total,GEP,GWH,592799.2
DE,2022,TOTAL,total,GEP,GWH,578948.015
DE,2023,TOTAL,total,GEP,GWH,522871.0
ES,2015,TOTAL,total,GEP,GWH,280911.454
ES,2016,TOTAL,total,GEP,GWH,274771.767
ES,2017,TOTAL,total,GEP,GWH,275726.0
ES,2018,TOTAL,total,GEP,GWH,274452.0
ES,2019,TOTAL,total,GEP,GWH,273257.0
ES,2020,TOTAL,total,GEP,GWH,263373.0
ES,2021,TOTAL,total,GEP,GWH,274312.0
ES,2022,TOTAL,total,GEP,GWH,292454.0
ES,2023,TOTAL,total,GEP,GWH,285880.753
FR,2015,TOTAL,total,GEP,GWH,579917.836
FR,2016,TOTAL,total,GEP,GWH,564537.297
FR,2017,TOTAL,total,GEP,GWH,561770.544
FR,2018,TOTAL,total,GEP,GWH,582576.866
FR,2019,TOTAL,total,GEP,GWH,571316.327
FR,2020,TOTAL,total,GEP,GWH,532772.603
FR,2021,TOTAL,total,GEP,GWH,555555.347
FR,2022,TOTAL,total,GEP,GWH,475115.331
FR,2023,TOTAL,total,GEP,GWH,524900.932
IT,2015,TOTAL,total,GEP,GWH,282991.072
IT,2016,TOTAL,total,GEP,GWH,289768.359
IT,2017,TOTAL,total,GEP,GWH,295830.009
IT,2018,TOTAL,total,GEP,GWH,289708.433
IT,2019,TOTAL,total,GEP,GWH,293852.993
IT,2020,TOTAL,total,GEP,GWH,280531.016
IT,2021,TOTAL,total,GEP,GWH,289069.53
IT,2022,TOTAL,total,GEP,GWH,283961.32
IT,2023,TOTAL,total,GEP,GWH,264716.393
NL,2015,TOTAL,total,GEP,GWH,110213.427
NL,2016,TOTAL,total,GEP,GWH,115158.408
NL,2017,TOTAL,total,GEP,GWH,117167.738
NL,2018,TOTAL,total,GEP,GWH,114379.713
NL,2019,TOTAL,total,GEP,GWH,121408.002
NL,2020,TOTAL,total,GEP,GWH,123278.129
NL,2021,TOTAL,total,GEP,GWH,122170.455
NL,2022,TOTAL,total,GEP,GWH,121572.848
NL,2023,TOTAL,total,GEP,GWH,121640.675
PL,2015,TOTAL,total,GEP,GWH,164945.289
PL,2016,TOTAL,total,GEP,GWH,166636.413
PL,2017,TOTAL,total,GEP,GWH,170465.353
PL,2018,TOTAL,total,GEP,GWH,170039.461
PL,2019,TOTAL,total,GEP,GWH,163988.501
PL,2020,TOTAL,total,GEP,GWH,158042.741
PL,2021,TOTAL,total,GEP,GWH,179631.509
PL,2022,TOTAL,total,GEP,GWH,179748.121
PL,2023,TOTAL,total,GEP,GWH,167362.01
TR,2015,TOTAL,total,GEP,GWH,261782.898
TR,2016,TOTAL,total,GEP,GWH,274407.161
TR,2017,TOTAL,total,GEP,GWH,297277.524
TR,2018,TOTAL,total,GEP,GWH,304801.874
TR,2019,TOTAL,total,GEP,GWH,303897.56
TR,2020,TOTAL,total,GEP,GWH,306703.093
TR,2021,TOTAL,total,GEP,GWH,334723.11
TR,2022,TOTAL,total,GEP,GWH,328379.341
TR,2023,TOTAL,total,GEP,GWH,331148.895
UK,2015,TOTAL,total,GEP,GWH,338086.412
UK,2016,TOTAL,total,GEP,GWH,339217.123
UK,2017,TOTAL,total,GEP,GWH,337976.878
UK,2018,TOTAL,total,GEP,GWH,333002.678
UK,2019,TOTAL,total,GEP,GWH,323431.769
DE,2015,TOTAL,total,GEP,KTOE,55744.454
DE,2016,TOTAL,total,GEP,KTOE,55928.547
DE,2017,TOTAL,total,GEP,KTOE,56210.06
DE,2018,TOTAL,total,GEP,KTOE,55070.335
DE,2019,TOTAL,total,GEP,KTOE,52185.469
DE,2020,TOTAL,total,GEP,KTOE,49480.825
DE,2021,TOTAL,total,GEP,KTOE,50971.556
DE,2022,TOTAL,total,GEP,KTOE,49780.569
DE,2023,TOTAL,total,GEP,KTOE,44958.813
ES,2015,TOTAL,total,GEP,KTOE,24154.037
ES,2016,TOTAL,total,GEP,KTOE,23626.119
ES,2017,TOTAL,total,GEP,KTOE,23708.169
ES,2018,TOTAL,total,GEP,KTOE,23598.624
ES,2019,TOTAL,total,GEP,KTOE,23495.873
ES,2020,TOTAL,total,GEP,KTOE,22646.002
ES,2021,TOTAL,total,GEP,KTOE,23586.586
ES,2022,TOTAL,total,GEP,KTOE,25146.518
ES,2023,TOTAL,total,GEP,KTOE,24581.32
FR,2015,TOTAL,total,GEP,KTOE,49863.958
FR,2016,TOTAL,total,GEP,KTOE,48541.47
FR,2017,TOTAL,total,GEP,KTOE,48303.572
FR,2018,TOTAL,total,GEP,KTOE,50092.594
FR,2019,TOTAL,total,GEP,KTOE,49124.362
FR,2020,TOTAL,total,GEP,KTOE,45810.198
FR,2021,TOTAL,total,GEP,KTOE,47769.161
FR,2022,TOTAL,total,GEP,KTOE,40852.565
FR,2023,TOTAL,total,GEP,KTOE,45133.356
IT,2015,TOTAL,total,GEP,KTOE,24332.852
IT,2016,TOTAL,total,GEP,KTOE,24915.594
IT,2017,TOTAL,total,GEP,KTOE,25436.802
IT,2018,TOTAL,total,GEP,KTOE,24910.441
IT,2019,TOTAL,total,GEP,KTOE,25266.809
IT,2020,TOTAL,total,GEP,KTOE,24121.326
IT,2021,TOTAL,total,GEP,KTOE,24855.506
IT,2022,TOTAL,total,GEP,KTOE,24416.279
IT,2023,TOTAL,total,GEP,KTOE,22761.513
NL,2015,TOTAL,total,GEP,KTOE,9476.649
NL,2016,TOTAL,total,GEP,KTOE,9901.841
NL,2017,TOTAL,total,GEP,KTOE,10074.612
NL,2018,TOTAL,total,GEP,KTOE,9834.885
NL,2019,TOTAL,total,GEP,KTOE,10439.209
NL,2020,TOTAL,total,GEP,KTOE,10600.011
NL,2021,TOTAL,total,GEP,KTOE,10504.768
NL,2022,TOTAL,total,GEP,KTOE,10453.383
NL,2023,TOTAL,total,GEP,KTOE,10459.215
PL,2015,TOTAL,total,GEP,KTOE,14182.742
PL,2016,TOTAL,total,GEP,KTOE,14328.152
PL,2017,TOTAL,total,GEP,KTOE,14657.382
PL,2018,TOTAL,total,GEP,KTOE,14620.762
PL,2019,TOTAL,total,GEP,KTOE,14100.473
PL,2020,TOTAL,total,GEP,KTOE,13589.23
PL,2021,TOTAL,total,GEP,KTOE,15445.53
PL,2022,TOTAL,total,GEP,KTOE,15455.556
PL,2023,TOTAL,total,GEP,KTOE,14390.543
TR,2015,TOTAL,total,GEP,KTOE,22509.278
TR,2016,TOTAL,total,GEP,KTOE,23594.769
TR,2017,TOTAL,total,GEP,KTOE,25561.266
TR,2018,TOTAL,total,GEP,KTOE,26208.244
TR,2019,TOTAL,total,GEP,KTOE,26130.487
TR,2020,TOTAL,total,GEP,KTOE,26371.719
TR,2021,TOTAL,total,GEP,KTOE,28781.007
TR,2022,TOTAL,total,GEP,KTOE,28235.541
TR,2023,TOTAL,total,GEP,KTOE,28473.68
UK,2015,TOTAL,total,GEP,KTOE,29070.199
UK,2016,TOTAL,total,GEP,KTOE,29167.422
UK,2017,TOTAL,total,GEP,KTOE,29060.781
UK,2018,TOTAL,total,GEP,KTOE,28633.076
UK,2019,TOTAL,total,GEP,KTOE,27810.126
DE,2015,TOTAL,total,GEP,TJ,2333908.8
DE,2016,TOTAL,total,GEP,TJ,2341616.4
DE,2017,TOTAL,total,GEP,TJ,2353402.8
DE,2018,TOTAL,total,GEP,TJ,2305684.8
DE,2019,TOTAL,total,GEP,TJ,2184901.2
DE,2020,TOTAL,total,GEP,TJ,2071663.2
DE,2021,TOTAL,total,GEP,TJ,2134077.12
DE,2022,TOTAL,total,GEP,TJ,2084212.854
DE,2023,TOTAL,total,GEP,TJ,1882335.6
ES,2015,TOTAL,total,GEP,TJ,1011281.234
ES,2016,TOTAL,total,GEP,TJ,989178.361
ES,2017,TOTAL,total,GEP,TJ,992613.6
ES,2018,TOTAL,total,GEP,TJ,988027.2
ES,2019,TOTAL,total,GEP,TJ,983725.2
ES,2020,TOTAL,total,GEP,TJ,948142.8
ES,2021,TOTAL,total,GEP,TJ,987523.2
ES,2022,TOTAL,total,GEP,TJ,1052834.4
ES,2023,TOTAL,total,GEP,TJ,1029170.711
FR,2015,TOTAL,total,GEP,TJ,2087704.21
FR,2016,TOTAL,total,GEP,TJ,2032334.268
FR,2017,TOTAL,total,GEP,TJ,2022373.959
FR,2018,TOTAL,total,GEP,TJ,2097276.717
FR,2019,TOTAL,total,GEP,TJ,2056738.776
FR,2020,TOTAL,total,GEP,TJ,1917981.371
FR,2021,TOTAL,total,GEP,TJ,1999999.248
FR,2022,TOTAL,total,GEP,TJ,1710415.193
FR,2023,TOTAL,total,GEP,TJ,1889643.355
IT,2015,TOTAL,total,GEP,TJ,1018767.859
IT,2016,TOTAL,total,GEP,TJ,1043166.092
IT,2017,TOTAL,total,GEP,TJ,1064988.032
IT,2018,TOTAL,total,GEP,TJ,1042950.359
IT,2019,TOTAL,total,GEP,TJ,1057870.775
IT,2020,TOTAL,total,GEP,TJ,1009911.658
IT,2021,TOTAL,total,GEP,TJ,1040650.308
IT,2022,TOTAL,total,GEP,TJ,1022260.752
IT,2023,TOTAL,total,GEP,TJ,952979.015
NL,2015,TOTAL,total,GEP,TJ,396768.337
NL,2016,TOTAL,total,GEP,TJ,414570.269
NL,2017,TOTAL,total,GEP,TJ,421803.857
NL,2018,TOTAL,total,GEP,TJ,411766.967
NL,2019,TOTAL,total,GEP,TJ,437068.807
NL,2020,TOTAL,total,GEP,TJ,443801.264
NL,2021,TOTAL,total,GEP,TJ,439813.638
NL,2022,TOTAL,total,GEP,TJ,437662.253
NL,2023,TOTAL,total,GEP,TJ,437906.43
PL,2015,TOTAL,total,GEP,TJ,593803.04
PL,2016,TOTAL,total,GEP,TJ,599891.087
PL,2017,TOTAL,total,GEP,TJ,613675.271
PL,2018,TOTAL,total,GEP,TJ,612142.06
PL,2019,TOTAL,total,GEP,TJ,590358.604
PL,2020,TOTAL,total,GEP,TJ,568953.868
PL,2021,TOTAL,total,GEP,TJ,646673.432
PL,2022,TOTAL,total,GEP,TJ,647093.236
PL,2023,TOTAL,total,GEP,TJ,602503.236
TR,2015,TOTAL,total,GEP,TJ,942418.433
TR,2016,TOTAL,total,GEP,TJ,987865.78
TR,2017,TOTAL,total,GEP,TJ,1070199.086
TR,2018,TOTAL,total,GEP,TJ,1097286.746
TR,2019,TOTAL,total,GEP,TJ,1094031.216
TR,2020,TOTAL,total,GEP,TJ,1104131.135
TR,2021,TOTAL,total,GEP,TJ,1205003.196
TR,2022,TOTAL,total,GEP,TJ,1182165.628
TR,2023,TOTAL,total,GEP,TJ,1192136.022
UK,2015,TOTAL,total,GEP,TJ,1217111.083
UK,2016,TOTAL,total,GEP,TJ,1221181.643
UK,2017,TOTAL,total,GEP,TJ,1216716.761
UK,2018,TOTAL,total,GEP,TJ,1198809.641
UK,2019,TOTAL,total,GEP,TJ,1164354.368
